solid OpenSCAD_Model
  facet normal 0 -1 0
    outer loop
      vertex -2.025 1.0067 0.0799999
      vertex -1.975 1.0067 0.83
      vertex -2.025 1.0067 0.83
    endloop
  endfacet
  facet normal 0 -1 -0
    outer loop
      vertex -1.975 1.0067 0.83
      vertex -2.025 1.0067 0.0799999
      vertex -1.975 1.0067 0.0799999
    endloop
  endfacet
  facet normal 0.86599 -0.500061 0
    outer loop
      vertex -1.96732 1.02 0.83
      vertex -1.975 1.0067 0.83
      vertex -1.96732 1.02 0.78
    endloop
  endfacet
  facet normal 0.865969 -0.500097 0
    outer loop
      vertex -1.95 1.05 0.78
      vertex -1.96155 1.03 0.7
      vertex -1.95 1.05 0.7
    endloop
  endfacet
  facet normal 0.865843 -0.500316 -9.05758e-05
    outer loop
      vertex -1.975 1.0067 0.83
      vertex -1.96155 1.03 0.7
      vertex -1.96732 1.02 0.78
    endloop
  endfacet
  facet normal 0.866032 -0.499989 -3.60847e-05
    outer loop
      vertex -1.96732 1.02 0.78
      vertex -1.96155 1.03 0.7
      vertex -1.95 1.05 0.78
    endloop
  endfacet
  facet normal 0.865969 -0.500097 0
    outer loop
      vertex -1.96155 1.03 0.2
      vertex -1.95 1.05 0.0799999
      vertex -1.95 1.05 0.2
    endloop
  endfacet
  facet normal 0.866062 -0.499937 0
    outer loop
      vertex -1.975 1.0067 0.0799999
      vertex -1.96155 1.03 0.7
      vertex -1.975 1.0067 0.83
    endloop
  endfacet
  facet normal 0.866019 -0.500011 1.91671e-05
    outer loop
      vertex -1.96155 1.03 0.2
      vertex -1.975 1.0067 0.0799999
      vertex -1.95 1.05 0.0799999
    endloop
  endfacet
  facet normal 0.866062 -0.499937 0
    outer loop
      vertex -1.96155 1.03 0.7
      vertex -1.975 1.0067 0.0799999
      vertex -1.96155 1.03 0.2
    endloop
  endfacet
  facet normal 0 1 -0
    outer loop
      vertex -1.975 1.0933 0.0799999
      vertex -2.025 1.0933 0.83
      vertex -1.975 1.0933 0.83
    endloop
  endfacet
  facet normal 0 1 0
    outer loop
      vertex -2.025 1.0933 0.83
      vertex -1.975 1.0933 0.0799999
      vertex -2.025 1.0933 0.0799999
    endloop
  endfacet
  facet normal 0.866032 0.499989 3.60847e-05
    outer loop
      vertex -1.95 1.05 0.78
      vertex -1.95577 1.06 0.7
      vertex -1.96732 1.08 0.78
    endloop
  endfacet
  facet normal 0.866157 0.499772 0
    outer loop
      vertex -1.95577 1.06 0.7
      vertex -1.95 1.05 0.78
      vertex -1.95 1.05 0.7
    endloop
  endfacet
  facet normal 0.86599 0.500061 -0
    outer loop
      vertex -1.96732 1.08 0.78
      vertex -1.975 1.0933 0.83
      vertex -1.96732 1.08 0.83
    endloop
  endfacet
  facet normal 0.86599 0.500061 0
    outer loop
      vertex -1.975 1.0933 0.83
      vertex -1.96732 1.08 0.78
      vertex -1.975 1.0933 0.0799999
    endloop
  endfacet
  facet normal 0.865971 0.500095 8.62292e-07
    outer loop
      vertex -1.95577 1.06 0.7
      vertex -1.975 1.0933 0.0799999
      vertex -1.96732 1.08 0.78
    endloop
  endfacet
  facet normal 0.865978 0.500083 -0
    outer loop
      vertex -1.95577 1.06 0.2
      vertex -1.975 1.0933 0.0799999
      vertex -1.95577 1.06 0.7
    endloop
  endfacet
  facet normal 0.866157 0.499772 -0
    outer loop
      vertex -1.95 1.05 0.0799999
      vertex -1.95577 1.06 0.2
      vertex -1.95 1.05 0.2
    endloop
  endfacet
  facet normal 0.866019 0.500011 -2.65006e-05
    outer loop
      vertex -1.95577 1.06 0.2
      vertex -1.95 1.05 0.0799999
      vertex -1.975 1.0933 0.0799999
    endloop
  endfacet
  facet normal -0.86599 0.500061 0
    outer loop
      vertex -2.025 1.0933 0.0799999
      vertex -2.03268 1.08 0.78
      vertex -2.025 1.0933 0.83
    endloop
  endfacet
  facet normal -0.865977 0.500084 5.98215e-07
    outer loop
      vertex -2.025 1.0933 0.0799999
      vertex -2.04423 1.06 0.2
      vertex -2.03268 1.08 0.78
    endloop
  endfacet
  facet normal -0.866019 0.500011 -2.65006e-05
    outer loop
      vertex -2.05 1.05 0.0799999
      vertex -2.04423 1.06 0.2
      vertex -2.025 1.0933 0.0799999
    endloop
  endfacet
  facet normal -0.866157 0.499772 0
    outer loop
      vertex -2.04423 1.06 0.2
      vertex -2.05 1.05 0.0799999
      vertex -2.05 1.05 0.2
    endloop
  endfacet
  facet normal -0.86599 0.500061 0
    outer loop
      vertex -2.025 1.0933 0.83
      vertex -2.03268 1.08 0.78
      vertex -2.03268 1.08 0.83
    endloop
  endfacet
  facet normal -0.865969 0.500097 0
    outer loop
      vertex -2.04423 1.06 0.7
      vertex -2.03268 1.08 0.78
      vertex -2.04423 1.06 0.2
    endloop
  endfacet
  facet normal -0.866157 0.499772 0
    outer loop
      vertex -2.05 1.05 0.78
      vertex -2.04423 1.06 0.7
      vertex -2.05 1.05 0.7
    endloop
  endfacet
  facet normal -0.866032 0.499989 3.60847e-05
    outer loop
      vertex -2.04423 1.06 0.7
      vertex -2.05 1.05 0.78
      vertex -2.03268 1.08 0.78
    endloop
  endfacet
  facet normal -0.865969 -0.500097 0
    outer loop
      vertex -2.05 1.05 0.0799999
      vertex -2.03845 1.03 0.2
      vertex -2.05 1.05 0.2
    endloop
  endfacet
  facet normal -0.866062 -0.499937 0
    outer loop
      vertex -2.025 1.0067 0.0799999
      vertex -2.03845 1.03 0.7
      vertex -2.03845 1.03 0.2
    endloop
  endfacet
  facet normal -0.866019 -0.500011 1.91671e-05
    outer loop
      vertex -2.025 1.0067 0.0799999
      vertex -2.03845 1.03 0.2
      vertex -2.05 1.05 0.0799999
    endloop
  endfacet
  facet normal -0.866062 -0.499937 0
    outer loop
      vertex -2.03845 1.03 0.7
      vertex -2.025 1.0067 0.0799999
      vertex -2.025 1.0067 0.83
    endloop
  endfacet
  facet normal -0.865843 -0.500316 -9.05758e-05
    outer loop
      vertex -2.03845 1.03 0.7
      vertex -2.025 1.0067 0.83
      vertex -2.03268 1.02 0.78
    endloop
  endfacet
  facet normal -0.86599 -0.500061 0
    outer loop
      vertex -2.03268 1.02 0.78
      vertex -2.025 1.0067 0.83
      vertex -2.03268 1.02 0.83
    endloop
  endfacet
  facet normal -0.865969 -0.500097 0
    outer loop
      vertex -2.03845 1.03 0.7
      vertex -2.05 1.05 0.78
      vertex -2.05 1.05 0.7
    endloop
  endfacet
  facet normal -0.866032 -0.499989 -3.60847e-05
    outer loop
      vertex -2.05 1.05 0.78
      vertex -2.03845 1.03 0.7
      vertex -2.03268 1.02 0.78
    endloop
  endfacet
  facet normal 0 0 -1
    outer loop
      vertex -1.975 1.0067 0.83
      vertex -1.93 1.02 0.83
      vertex -1.93 0.98 0.83
    endloop
  endfacet
  facet normal -0 0 -1
    outer loop
      vertex -1.93 1.02 0.83
      vertex -1.975 1.0067 0.83
      vertex -1.96732 1.02 0.83
    endloop
  endfacet
  facet normal 0 0 -1
    outer loop
      vertex -1.93 0.98 0.83
      vertex -2.025 1.0067 0.83
      vertex -1.975 1.0067 0.83
    endloop
  endfacet
  facet normal 0 0 -1
    outer loop
      vertex -2.025 1.0067 0.83
      vertex -2.05 1.02 0.83
      vertex -2.03268 1.02 0.83
    endloop
  endfacet
  facet normal -0 0 -1
    outer loop
      vertex -2.05 1.02 0.83
      vertex -2.07 0.98 0.83
      vertex -2.05 1.08 0.83
    endloop
  endfacet
  facet normal -0 0 -1
    outer loop
      vertex -2.025 1.0067 0.83
      vertex -2.07 0.98 0.83
      vertex -2.05 1.02 0.83
    endloop
  endfacet
  facet normal 0 0 -1
    outer loop
      vertex -2.07 0.98 0.83
      vertex -2.025 1.0067 0.83
      vertex -1.93 0.98 0.83
    endloop
  endfacet
  facet normal 0 0 -1
    outer loop
      vertex -1.975 1.0933 0.83
      vertex -1.93 1.08 0.83
      vertex -1.96732 1.08 0.83
    endloop
  endfacet
  facet normal 0 0 -1
    outer loop
      vertex -1.93 1.08 0.83
      vertex -1.975 1.0933 0.83
      vertex -1.93 1.12 0.83
    endloop
  endfacet
  facet normal 0 0 -1
    outer loop
      vertex -2.025 1.0933 0.83
      vertex -1.93 1.12 0.83
      vertex -1.975 1.0933 0.83
    endloop
  endfacet
  facet normal 0 0 -1
    outer loop
      vertex -2.05 1.08 0.83
      vertex -2.025 1.0933 0.83
      vertex -2.03268 1.08 0.83
    endloop
  endfacet
  facet normal 0 0 -1
    outer loop
      vertex -2.025 1.0933 0.83
      vertex -2.07 1.12 0.83
      vertex -1.93 1.12 0.83
    endloop
  endfacet
  facet normal 0 0 -1
    outer loop
      vertex -2.05 1.08 0.83
      vertex -2.07 1.12 0.83
      vertex -2.025 1.0933 0.83
    endloop
  endfacet
  facet normal 0 0 -1
    outer loop
      vertex -2.07 1.12 0.83
      vertex -2.05 1.08 0.83
      vertex -2.07 0.98 0.83
    endloop
  endfacet
  facet normal 0 0 -1
    outer loop
      vertex -1.975 1.0067 0.0799999
      vertex -1.975 1.0933 0.0799999
      vertex -1.95 1.05 0.0799999
    endloop
  endfacet
  facet normal 0 0 -1
    outer loop
      vertex -2.025 1.0067 0.0799999
      vertex -1.975 1.0933 0.0799999
      vertex -1.975 1.0067 0.0799999
    endloop
  endfacet
  facet normal 0 0 -1
    outer loop
      vertex -2.025 1.0067 0.0799999
      vertex -2.025 1.0933 0.0799999
      vertex -1.975 1.0933 0.0799999
    endloop
  endfacet
  facet normal 0 -0 -1
    outer loop
      vertex -2.025 1.0933 0.0799999
      vertex -2.025 1.0067 0.0799999
      vertex -2.05 1.05 0.0799999
    endloop
  endfacet
  facet normal 0 -1 0
    outer loop
      vertex -1.525 1.0067 0.0799999
      vertex -1.475 1.0067 0.83
      vertex -1.525 1.0067 0.83
    endloop
  endfacet
  facet normal 0 -1 -0
    outer loop
      vertex -1.475 1.0067 0.83
      vertex -1.525 1.0067 0.0799999
      vertex -1.475 1.0067 0.0799999
    endloop
  endfacet
  facet normal 0.86599 -0.500061 0
    outer loop
      vertex -1.46732 1.02 0.83
      vertex -1.475 1.0067 0.83
      vertex -1.46732 1.02 0.78
    endloop
  endfacet
  facet normal 0.865969 -0.500097 0
    outer loop
      vertex -1.45 1.05 0.78
      vertex -1.46155 1.03 0.7
      vertex -1.45 1.05 0.7
    endloop
  endfacet
  facet normal 0.865843 -0.500316 -9.05758e-05
    outer loop
      vertex -1.475 1.0067 0.83
      vertex -1.46155 1.03 0.7
      vertex -1.46732 1.02 0.78
    endloop
  endfacet
  facet normal 0.866032 -0.499989 -3.60847e-05
    outer loop
      vertex -1.46732 1.02 0.78
      vertex -1.46155 1.03 0.7
      vertex -1.45 1.05 0.78
    endloop
  endfacet
  facet normal 0.865969 -0.500097 0
    outer loop
      vertex -1.46155 1.03 0.2
      vertex -1.45 1.05 0.0799999
      vertex -1.45 1.05 0.2
    endloop
  endfacet
  facet normal 0.866062 -0.499937 0
    outer loop
      vertex -1.475 1.0067 0.0799999
      vertex -1.46155 1.03 0.7
      vertex -1.475 1.0067 0.83
    endloop
  endfacet
  facet normal 0.866019 -0.500011 1.91671e-05
    outer loop
      vertex -1.46155 1.03 0.2
      vertex -1.475 1.0067 0.0799999
      vertex -1.45 1.05 0.0799999
    endloop
  endfacet
  facet normal 0.866062 -0.499937 0
    outer loop
      vertex -1.46155 1.03 0.7
      vertex -1.475 1.0067 0.0799999
      vertex -1.46155 1.03 0.2
    endloop
  endfacet
  facet normal 0 1 -0
    outer loop
      vertex -1.475 1.0933 0.0799999
      vertex -1.525 1.0933 0.83
      vertex -1.475 1.0933 0.83
    endloop
  endfacet
  facet normal 0 1 0
    outer loop
      vertex -1.525 1.0933 0.83
      vertex -1.475 1.0933 0.0799999
      vertex -1.525 1.0933 0.0799999
    endloop
  endfacet
  facet normal 0.866032 0.499989 3.60847e-05
    outer loop
      vertex -1.45 1.05 0.78
      vertex -1.45577 1.06 0.7
      vertex -1.46732 1.08 0.78
    endloop
  endfacet
  facet normal 0.866157 0.499772 0
    outer loop
      vertex -1.45577 1.06 0.7
      vertex -1.45 1.05 0.78
      vertex -1.45 1.05 0.7
    endloop
  endfacet
  facet normal 0.86599 0.500061 -0
    outer loop
      vertex -1.46732 1.08 0.78
      vertex -1.475 1.0933 0.83
      vertex -1.46732 1.08 0.83
    endloop
  endfacet
  facet normal 0.86599 0.500061 0
    outer loop
      vertex -1.475 1.0933 0.83
      vertex -1.46732 1.08 0.78
      vertex -1.475 1.0933 0.0799999
    endloop
  endfacet
  facet normal 0.865971 0.500095 8.62292e-07
    outer loop
      vertex -1.45577 1.06 0.7
      vertex -1.475 1.0933 0.0799999
      vertex -1.46732 1.08 0.78
    endloop
  endfacet
  facet normal 0.865978 0.500083 -0
    outer loop
      vertex -1.45577 1.06 0.2
      vertex -1.475 1.0933 0.0799999
      vertex -1.45577 1.06 0.7
    endloop
  endfacet
  facet normal 0.866157 0.499772 -0
    outer loop
      vertex -1.45 1.05 0.0799999
      vertex -1.45577 1.06 0.2
      vertex -1.45 1.05 0.2
    endloop
  endfacet
  facet normal 0.866019 0.500011 -2.65006e-05
    outer loop
      vertex -1.45577 1.06 0.2
      vertex -1.45 1.05 0.0799999
      vertex -1.475 1.0933 0.0799999
    endloop
  endfacet
  facet normal -0.86599 0.500061 0
    outer loop
      vertex -1.525 1.0933 0.0799999
      vertex -1.53268 1.08 0.78
      vertex -1.525 1.0933 0.83
    endloop
  endfacet
  facet normal -0.865977 0.500084 5.98215e-07
    outer loop
      vertex -1.525 1.0933 0.0799999
      vertex -1.54423 1.06 0.2
      vertex -1.53268 1.08 0.78
    endloop
  endfacet
  facet normal -0.866019 0.500011 -2.65006e-05
    outer loop
      vertex -1.55 1.05 0.0799999
      vertex -1.54423 1.06 0.2
      vertex -1.525 1.0933 0.0799999
    endloop
  endfacet
  facet normal -0.866157 0.499772 0
    outer loop
      vertex -1.54423 1.06 0.2
      vertex -1.55 1.05 0.0799999
      vertex -1.55 1.05 0.2
    endloop
  endfacet
  facet normal -0.86599 0.500061 0
    outer loop
      vertex -1.525 1.0933 0.83
      vertex -1.53268 1.08 0.78
      vertex -1.53268 1.08 0.83
    endloop
  endfacet
  facet normal -0.865969 0.500097 0
    outer loop
      vertex -1.54423 1.06 0.7
      vertex -1.53268 1.08 0.78
      vertex -1.54423 1.06 0.2
    endloop
  endfacet
  facet normal -0.866157 0.499772 0
    outer loop
      vertex -1.55 1.05 0.78
      vertex -1.54423 1.06 0.7
      vertex -1.55 1.05 0.7
    endloop
  endfacet
  facet normal -0.866032 0.499989 3.60847e-05
    outer loop
      vertex -1.54423 1.06 0.7
      vertex -1.55 1.05 0.78
      vertex -1.53268 1.08 0.78
    endloop
  endfacet
  facet normal -0.865969 -0.500097 0
    outer loop
      vertex -1.55 1.05 0.0799999
      vertex -1.53845 1.03 0.2
      vertex -1.55 1.05 0.2
    endloop
  endfacet
  facet normal -0.866062 -0.499937 0
    outer loop
      vertex -1.525 1.0067 0.0799999
      vertex -1.53845 1.03 0.7
      vertex -1.53845 1.03 0.2
    endloop
  endfacet
  facet normal -0.866019 -0.500011 1.91671e-05
    outer loop
      vertex -1.525 1.0067 0.0799999
      vertex -1.53845 1.03 0.2
      vertex -1.55 1.05 0.0799999
    endloop
  endfacet
  facet normal -0.866062 -0.499937 0
    outer loop
      vertex -1.53845 1.03 0.7
      vertex -1.525 1.0067 0.0799999
      vertex -1.525 1.0067 0.83
    endloop
  endfacet
  facet normal -0.865843 -0.500316 -9.05758e-05
    outer loop
      vertex -1.53845 1.03 0.7
      vertex -1.525 1.0067 0.83
      vertex -1.53268 1.02 0.78
    endloop
  endfacet
  facet normal -0.86599 -0.500061 0
    outer loop
      vertex -1.53268 1.02 0.78
      vertex -1.525 1.0067 0.83
      vertex -1.53268 1.02 0.83
    endloop
  endfacet
  facet normal -0.865969 -0.500097 0
    outer loop
      vertex -1.53845 1.03 0.7
      vertex -1.55 1.05 0.78
      vertex -1.55 1.05 0.7
    endloop
  endfacet
  facet normal -0.866032 -0.499989 -3.60847e-05
    outer loop
      vertex -1.55 1.05 0.78
      vertex -1.53845 1.03 0.7
      vertex -1.53268 1.02 0.78
    endloop
  endfacet
  facet normal 0 0 1
    outer loop
      vertex -1.46732 1.02 0.83
      vertex -1.525 1.0067 0.83
      vertex -1.475 1.0067 0.83
    endloop
  endfacet
  facet normal 0 -0 1
    outer loop
      vertex -1.525 1.0067 0.83
      vertex -1.46732 1.02 0.83
      vertex -1.53268 1.02 0.83
    endloop
  endfacet
  facet normal -0 0 1
    outer loop
      vertex -1.525 1.0933 0.83
      vertex -1.46732 1.08 0.83
      vertex -1.475 1.0933 0.83
    endloop
  endfacet
  facet normal 0 0 1
    outer loop
      vertex -1.46732 1.08 0.83
      vertex -1.525 1.0933 0.83
      vertex -1.53268 1.08 0.83
    endloop
  endfacet
  facet normal 0 0 -1
    outer loop
      vertex -1.475 1.0067 0.0799999
      vertex -1.475 1.0933 0.0799999
      vertex -1.45 1.05 0.0799999
    endloop
  endfacet
  facet normal 0 0 -1
    outer loop
      vertex -1.525 1.0067 0.0799999
      vertex -1.475 1.0933 0.0799999
      vertex -1.475 1.0067 0.0799999
    endloop
  endfacet
  facet normal 0 0 -1
    outer loop
      vertex -1.525 1.0067 0.0799999
      vertex -1.525 1.0933 0.0799999
      vertex -1.475 1.0933 0.0799999
    endloop
  endfacet
  facet normal 0 -0 -1
    outer loop
      vertex -1.525 1.0933 0.0799999
      vertex -1.525 1.0067 0.0799999
      vertex -1.55 1.05 0.0799999
    endloop
  endfacet
  facet normal 0 -1 0
    outer loop
      vertex -1.025 1.0067 0.0799999
      vertex -0.974999 1.0067 0.83
      vertex -1.025 1.0067 0.83
    endloop
  endfacet
  facet normal 0 -1 -0
    outer loop
      vertex -0.974999 1.0067 0.83
      vertex -1.025 1.0067 0.0799999
      vertex -0.974999 1.0067 0.0799999
    endloop
  endfacet
  facet normal 0.866019 -0.500012 0
    outer loop
      vertex -0.96732 1.02 0.83
      vertex -0.974999 1.0067 0.83
      vertex -0.96732 1.02 0.78
    endloop
  endfacet
  facet normal 0.866026 -0.5 0
    outer loop
      vertex -0.95 1.05 0.78
      vertex -0.961547 1.03 0.7
      vertex -0.95 1.05 0.7
    endloop
  endfacet
  facet normal 0.865996 -0.500051 -1.39726e-05
    outer loop
      vertex -0.974999 1.0067 0.83
      vertex -0.961547 1.03 0.7
      vertex -0.96732 1.02 0.78
    endloop
  endfacet
  facet normal 0.866032 -0.499989 -3.60847e-06
    outer loop
      vertex -0.96732 1.02 0.78
      vertex -0.961547 1.03 0.7
      vertex -0.95 1.05 0.78
    endloop
  endfacet
  facet normal 0.866026 -0.5 0
    outer loop
      vertex -0.961547 1.03 0.2
      vertex -0.95 1.05 0.0799999
      vertex -0.95 1.05 0.2
    endloop
  endfacet
  facet normal 0.86603 -0.499993 0
    outer loop
      vertex -0.974999 1.0067 0.0799999
      vertex -0.961547 1.03 0.7
      vertex -0.974999 1.0067 0.83
    endloop
  endfacet
  facet normal 0.866028 -0.499996 8.50026e-07
    outer loop
      vertex -0.961547 1.03 0.2
      vertex -0.974999 1.0067 0.0799999
      vertex -0.95 1.05 0.0799999
    endloop
  endfacet
  facet normal 0.86603 -0.499993 0
    outer loop
      vertex -0.961547 1.03 0.7
      vertex -0.974999 1.0067 0.0799999
      vertex -0.961547 1.03 0.2
    endloop
  endfacet
  facet normal 0 1 -0
    outer loop
      vertex -0.974999 1.0933 0.0799999
      vertex -1.025 1.0933 0.83
      vertex -0.974999 1.0933 0.83
    endloop
  endfacet
  facet normal 0 1 0
    outer loop
      vertex -1.025 1.0933 0.83
      vertex -0.974999 1.0933 0.0799999
      vertex -1.025 1.0933 0.0799999
    endloop
  endfacet
  facet normal 0.866032 0.499989 3.60847e-06
    outer loop
      vertex -0.95 1.05 0.78
      vertex -0.955773 1.06 0.7
      vertex -0.96732 1.08 0.78
    endloop
  endfacet
  facet normal 0.866044 0.499967 0
    outer loop
      vertex -0.955773 1.06 0.7
      vertex -0.95 1.05 0.78
      vertex -0.95 1.05 0.7
    endloop
  endfacet
  facet normal 0.866019 0.500012 -0
    outer loop
      vertex -0.96732 1.08 0.78
      vertex -0.974999 1.0933 0.83
      vertex -0.96732 1.08 0.83
    endloop
  endfacet
  facet normal 0.866019 0.500012 0
    outer loop
      vertex -0.974999 1.0933 0.83
      vertex -0.96732 1.08 0.78
      vertex -0.974999 1.0933 0.0799999
    endloop
  endfacet
  facet normal 0.866025 0.500001 -2.817e-07
    outer loop
      vertex -0.955773 1.06 0.7
      vertex -0.974999 1.0933 0.0799999
      vertex -0.96732 1.08 0.78
    endloop
  endfacet
  facet normal 0.866023 0.500005 -0
    outer loop
      vertex -0.955773 1.06 0.2
      vertex -0.974999 1.0933 0.0799999
      vertex -0.955773 1.06 0.7
    endloop
  endfacet
  facet normal 0.866044 0.499967 -0
    outer loop
      vertex -0.95 1.05 0.0799999
      vertex -0.955773 1.06 0.2
      vertex -0.95 1.05 0.2
    endloop
  endfacet
  facet normal 0.866028 0.499996 -3.18343e-06
    outer loop
      vertex -0.955773 1.06 0.2
      vertex -0.95 1.05 0.0799999
      vertex -0.974999 1.0933 0.0799999
    endloop
  endfacet
  facet normal -0.86599 0.500061 0
    outer loop
      vertex -1.025 1.0933 0.0799999
      vertex -1.03268 1.08 0.78
      vertex -1.025 1.0933 0.83
    endloop
  endfacet
  facet normal -0.865977 0.500084 5.98215e-07
    outer loop
      vertex -1.025 1.0933 0.0799999
      vertex -1.04423 1.06 0.2
      vertex -1.03268 1.08 0.78
    endloop
  endfacet
  facet normal -0.866019 0.500011 -2.65006e-05
    outer loop
      vertex -1.05 1.05 0.0799999
      vertex -1.04423 1.06 0.2
      vertex -1.025 1.0933 0.0799999
    endloop
  endfacet
  facet normal -0.866157 0.499772 0
    outer loop
      vertex -1.04423 1.06 0.2
      vertex -1.05 1.05 0.0799999
      vertex -1.05 1.05 0.2
    endloop
  endfacet
  facet normal -0.86599 0.500061 0
    outer loop
      vertex -1.025 1.0933 0.83
      vertex -1.03268 1.08 0.78
      vertex -1.03268 1.08 0.83
    endloop
  endfacet
  facet normal -0.865969 0.500097 0
    outer loop
      vertex -1.04423 1.06 0.7
      vertex -1.03268 1.08 0.78
      vertex -1.04423 1.06 0.2
    endloop
  endfacet
  facet normal -0.866157 0.499772 0
    outer loop
      vertex -1.05 1.05 0.78
      vertex -1.04423 1.06 0.7
      vertex -1.05 1.05 0.7
    endloop
  endfacet
  facet normal -0.866032 0.499989 3.60847e-05
    outer loop
      vertex -1.04423 1.06 0.7
      vertex -1.05 1.05 0.78
      vertex -1.03268 1.08 0.78
    endloop
  endfacet
  facet normal -0.865969 -0.500097 0
    outer loop
      vertex -1.05 1.05 0.0799999
      vertex -1.03845 1.03 0.2
      vertex -1.05 1.05 0.2
    endloop
  endfacet
  facet normal -0.866062 -0.499937 0
    outer loop
      vertex -1.025 1.0067 0.0799999
      vertex -1.03845 1.03 0.7
      vertex -1.03845 1.03 0.2
    endloop
  endfacet
  facet normal -0.866019 -0.500011 1.91671e-05
    outer loop
      vertex -1.025 1.0067 0.0799999
      vertex -1.03845 1.03 0.2
      vertex -1.05 1.05 0.0799999
    endloop
  endfacet
  facet normal -0.866062 -0.499937 0
    outer loop
      vertex -1.03845 1.03 0.7
      vertex -1.025 1.0067 0.0799999
      vertex -1.025 1.0067 0.83
    endloop
  endfacet
  facet normal -0.865843 -0.500316 -9.05758e-05
    outer loop
      vertex -1.03845 1.03 0.7
      vertex -1.025 1.0067 0.83
      vertex -1.03268 1.02 0.78
    endloop
  endfacet
  facet normal -0.86599 -0.500061 0
    outer loop
      vertex -1.03268 1.02 0.78
      vertex -1.025 1.0067 0.83
      vertex -1.03268 1.02 0.83
    endloop
  endfacet
  facet normal -0.865969 -0.500097 0
    outer loop
      vertex -1.03845 1.03 0.7
      vertex -1.05 1.05 0.78
      vertex -1.05 1.05 0.7
    endloop
  endfacet
  facet normal -0.866032 -0.499989 -3.60847e-05
    outer loop
      vertex -1.05 1.05 0.78
      vertex -1.03845 1.03 0.7
      vertex -1.03268 1.02 0.78
    endloop
  endfacet
  facet normal 0 0 1
    outer loop
      vertex -0.96732 1.02 0.83
      vertex -1.025 1.0067 0.83
      vertex -0.974999 1.0067 0.83
    endloop
  endfacet
  facet normal 0 -0 1
    outer loop
      vertex -1.025 1.0067 0.83
      vertex -0.96732 1.02 0.83
      vertex -1.03268 1.02 0.83
    endloop
  endfacet
  facet normal -0 0 1
    outer loop
      vertex -1.025 1.0933 0.83
      vertex -0.96732 1.08 0.83
      vertex -0.974999 1.0933 0.83
    endloop
  endfacet
  facet normal 0 0 1
    outer loop
      vertex -0.96732 1.08 0.83
      vertex -1.025 1.0933 0.83
      vertex -1.03268 1.08 0.83
    endloop
  endfacet
  facet normal 0 0 -1
    outer loop
      vertex -0.974999 1.0067 0.0799999
      vertex -0.974999 1.0933 0.0799999
      vertex -0.95 1.05 0.0799999
    endloop
  endfacet
  facet normal 0 0 -1
    outer loop
      vertex -1.025 1.0067 0.0799999
      vertex -0.974999 1.0933 0.0799999
      vertex -0.974999 1.0067 0.0799999
    endloop
  endfacet
  facet normal 0 0 -1
    outer loop
      vertex -1.025 1.0067 0.0799999
      vertex -1.025 1.0933 0.0799999
      vertex -0.974999 1.0933 0.0799999
    endloop
  endfacet
  facet normal 0 -0 -1
    outer loop
      vertex -1.025 1.0933 0.0799999
      vertex -1.025 1.0067 0.0799999
      vertex -1.05 1.05 0.0799999
    endloop
  endfacet
  facet normal 0 -1 0
    outer loop
      vertex -0.525 1.0067 0.0799999
      vertex -0.474999 1.0067 0.83
      vertex -0.525 1.0067 0.83
    endloop
  endfacet
  facet normal 0 -1 -0
    outer loop
      vertex -0.474999 1.0067 0.83
      vertex -0.525 1.0067 0.0799999
      vertex -0.474999 1.0067 0.0799999
    endloop
  endfacet
  facet normal 0.866019 -0.500012 0
    outer loop
      vertex -0.46732 1.02 0.83
      vertex -0.474999 1.0067 0.83
      vertex -0.46732 1.02 0.78
    endloop
  endfacet
  facet normal 0.866026 -0.5 0
    outer loop
      vertex -0.45 1.05 0.78
      vertex -0.461547 1.03 0.7
      vertex -0.45 1.05 0.7
    endloop
  endfacet
  facet normal 0.865996 -0.500051 -1.39726e-05
    outer loop
      vertex -0.474999 1.0067 0.83
      vertex -0.461547 1.03 0.7
      vertex -0.46732 1.02 0.78
    endloop
  endfacet
  facet normal 0.866032 -0.499989 -3.60847e-06
    outer loop
      vertex -0.46732 1.02 0.78
      vertex -0.461547 1.03 0.7
      vertex -0.45 1.05 0.78
    endloop
  endfacet
  facet normal 0.866026 -0.5 0
    outer loop
      vertex -0.461547 1.03 0.2
      vertex -0.45 1.05 0.0799999
      vertex -0.45 1.05 0.2
    endloop
  endfacet
  facet normal 0.86603 -0.499993 0
    outer loop
      vertex -0.474999 1.0067 0.0799999
      vertex -0.461547 1.03 0.7
      vertex -0.474999 1.0067 0.83
    endloop
  endfacet
  facet normal 0.866028 -0.499996 8.50026e-07
    outer loop
      vertex -0.461547 1.03 0.2
      vertex -0.474999 1.0067 0.0799999
      vertex -0.45 1.05 0.0799999
    endloop
  endfacet
  facet normal 0.86603 -0.499993 0
    outer loop
      vertex -0.461547 1.03 0.7
      vertex -0.474999 1.0067 0.0799999
      vertex -0.461547 1.03 0.2
    endloop
  endfacet
  facet normal 0 1 -0
    outer loop
      vertex -0.474999 1.0933 0.0799999
      vertex -0.525 1.0933 0.83
      vertex -0.474999 1.0933 0.83
    endloop
  endfacet
  facet normal 0 1 0
    outer loop
      vertex -0.525 1.0933 0.83
      vertex -0.474999 1.0933 0.0799999
      vertex -0.525 1.0933 0.0799999
    endloop
  endfacet
  facet normal 0.866032 0.499989 3.60847e-06
    outer loop
      vertex -0.45 1.05 0.78
      vertex -0.455773 1.06 0.7
      vertex -0.46732 1.08 0.78
    endloop
  endfacet
  facet normal 0.866044 0.499967 0
    outer loop
      vertex -0.455773 1.06 0.7
      vertex -0.45 1.05 0.78
      vertex -0.45 1.05 0.7
    endloop
  endfacet
  facet normal 0.866019 0.500012 -0
    outer loop
      vertex -0.46732 1.08 0.78
      vertex -0.474999 1.0933 0.83
      vertex -0.46732 1.08 0.83
    endloop
  endfacet
  facet normal 0.866019 0.500012 0
    outer loop
      vertex -0.474999 1.0933 0.83
      vertex -0.46732 1.08 0.78
      vertex -0.474999 1.0933 0.0799999
    endloop
  endfacet
  facet normal 0.866025 0.500001 -2.817e-07
    outer loop
      vertex -0.455773 1.06 0.7
      vertex -0.474999 1.0933 0.0799999
      vertex -0.46732 1.08 0.78
    endloop
  endfacet
  facet normal 0.866023 0.500005 -0
    outer loop
      vertex -0.455773 1.06 0.2
      vertex -0.474999 1.0933 0.0799999
      vertex -0.455773 1.06 0.7
    endloop
  endfacet
  facet normal 0.866044 0.499967 -0
    outer loop
      vertex -0.45 1.05 0.0799999
      vertex -0.455773 1.06 0.2
      vertex -0.45 1.05 0.2
    endloop
  endfacet
  facet normal 0.866028 0.499996 -3.18343e-06
    outer loop
      vertex -0.455773 1.06 0.2
      vertex -0.45 1.05 0.0799999
      vertex -0.474999 1.0933 0.0799999
    endloop
  endfacet
  facet normal -0.866019 0.500012 0
    outer loop
      vertex -0.525 1.0933 0.0799999
      vertex -0.532679 1.08 0.78
      vertex -0.525 1.0933 0.83
    endloop
  endfacet
  facet normal -0.866023 0.500004 -1.95427e-07
    outer loop
      vertex -0.525 1.0933 0.0799999
      vertex -0.544226 1.06 0.2
      vertex -0.532679 1.08 0.78
    endloop
  endfacet
  facet normal -0.866028 0.499996 -3.18343e-06
    outer loop
      vertex -0.549999 1.05 0.0799999
      vertex -0.544226 1.06 0.2
      vertex -0.525 1.0933 0.0799999
    endloop
  endfacet
  facet normal -0.866044 0.499967 0
    outer loop
      vertex -0.544226 1.06 0.2
      vertex -0.549999 1.05 0.0799999
      vertex -0.549999 1.05 0.2
    endloop
  endfacet
  facet normal -0.866019 0.500012 0
    outer loop
      vertex -0.525 1.0933 0.83
      vertex -0.532679 1.08 0.78
      vertex -0.532679 1.08 0.83
    endloop
  endfacet
  facet normal -0.866026 0.5 0
    outer loop
      vertex -0.544226 1.06 0.7
      vertex -0.532679 1.08 0.78
      vertex -0.544226 1.06 0.2
    endloop
  endfacet
  facet normal -0.866044 0.499967 0
    outer loop
      vertex -0.549999 1.05 0.78
      vertex -0.544226 1.06 0.7
      vertex -0.549999 1.05 0.7
    endloop
  endfacet
  facet normal -0.866032 0.499989 3.60847e-06
    outer loop
      vertex -0.544226 1.06 0.7
      vertex -0.549999 1.05 0.78
      vertex -0.532679 1.08 0.78
    endloop
  endfacet
  facet normal -0.866044 -0.499967 0
    outer loop
      vertex -0.549999 1.05 0.0799999
      vertex -0.538453 1.03 0.2
      vertex -0.549999 1.05 0.2
    endloop
  endfacet
  facet normal -0.866014 -0.500021 0
    outer loop
      vertex -0.525 1.0067 0.0799999
      vertex -0.538453 1.03 0.7
      vertex -0.538453 1.03 0.2
    endloop
  endfacet
  facet normal -0.866028 -0.499996 -6.36687e-06
    outer loop
      vertex -0.525 1.0067 0.0799999
      vertex -0.538453 1.03 0.2
      vertex -0.549999 1.05 0.0799999
    endloop
  endfacet
  facet normal -0.866014 -0.500021 0
    outer loop
      vertex -0.538453 1.03 0.7
      vertex -0.525 1.0067 0.0799999
      vertex -0.525 1.0067 0.83
    endloop
  endfacet
  facet normal -0.866029 -0.499994 6.44915e-06
    outer loop
      vertex -0.538453 1.03 0.7
      vertex -0.525 1.0067 0.83
      vertex -0.532679 1.02 0.78
    endloop
  endfacet
  facet normal -0.866019 -0.500012 0
    outer loop
      vertex -0.532679 1.02 0.78
      vertex -0.525 1.0067 0.83
      vertex -0.532679 1.02 0.83
    endloop
  endfacet
  facet normal -0.866044 -0.499967 0
    outer loop
      vertex -0.538453 1.03 0.7
      vertex -0.549999 1.05 0.78
      vertex -0.549999 1.05 0.7
    endloop
  endfacet
  facet normal -0.866032 -0.499989 7.21693e-06
    outer loop
      vertex -0.549999 1.05 0.78
      vertex -0.538453 1.03 0.7
      vertex -0.532679 1.02 0.78
    endloop
  endfacet
  facet normal 0 0 1
    outer loop
      vertex -0.46732 1.02 0.83
      vertex -0.525 1.0067 0.83
      vertex -0.474999 1.0067 0.83
    endloop
  endfacet
  facet normal 0 -0 1
    outer loop
      vertex -0.525 1.0067 0.83
      vertex -0.46732 1.02 0.83
      vertex -0.532679 1.02 0.83
    endloop
  endfacet
  facet normal -0 0 1
    outer loop
      vertex -0.525 1.0933 0.83
      vertex -0.46732 1.08 0.83
      vertex -0.474999 1.0933 0.83
    endloop
  endfacet
  facet normal 0 0 1
    outer loop
      vertex -0.46732 1.08 0.83
      vertex -0.525 1.0933 0.83
      vertex -0.532679 1.08 0.83
    endloop
  endfacet
  facet normal 0 0 -1
    outer loop
      vertex -0.474999 1.0067 0.0799999
      vertex -0.474999 1.0933 0.0799999
      vertex -0.45 1.05 0.0799999
    endloop
  endfacet
  facet normal 0 0 -1
    outer loop
      vertex -0.525 1.0067 0.0799999
      vertex -0.474999 1.0933 0.0799999
      vertex -0.474999 1.0067 0.0799999
    endloop
  endfacet
  facet normal 0 0 -1
    outer loop
      vertex -0.525 1.0067 0.0799999
      vertex -0.525 1.0933 0.0799999
      vertex -0.474999 1.0933 0.0799999
    endloop
  endfacet
  facet normal 0 -0 -1
    outer loop
      vertex -0.525 1.0933 0.0799999
      vertex -0.525 1.0067 0.0799999
      vertex -0.549999 1.05 0.0799999
    endloop
  endfacet
  facet normal 0 -1 0
    outer loop
      vertex -0.0249996 1.0067 0.0799999
      vertex 0.0249996 1.0067 0.83
      vertex -0.0249996 1.0067 0.83
    endloop
  endfacet
  facet normal 0 -1 -0
    outer loop
      vertex 0.0249996 1.0067 0.83
      vertex -0.0249996 1.0067 0.0799999
      vertex 0.0249996 1.0067 0.0799999
    endloop
  endfacet
  facet normal 0.86601 -0.500026 0
    outer loop
      vertex 0.0326789 1.02 0.83
      vertex 0.0249996 1.0067 0.83
      vertex 0.0326789 1.02 0.78
    endloop
  endfacet
  facet normal 0.866031 -0.49999 0
    outer loop
      vertex 0.0499992 1.05 0.78
      vertex 0.0384525 1.03 0.7
      vertex 0.0499992 1.05 0.7
    endloop
  endfacet
  facet normal 0.866 -0.500044 -6.3261e-06
    outer loop
      vertex 0.0249996 1.0067 0.83
      vertex 0.0384525 1.03 0.7
      vertex 0.0326789 1.02 0.78
    endloop
  endfacet
  facet normal 0.866028 -0.499995 1.80423e-06
    outer loop
      vertex 0.0326789 1.02 0.78
      vertex 0.0384525 1.03 0.7
      vertex 0.0499992 1.05 0.78
    endloop
  endfacet
  facet normal 0.866031 -0.49999 0
    outer loop
      vertex 0.0384525 1.03 0.2
      vertex 0.0499992 1.05 0.0799999
      vertex 0.0499992 1.05 0.2
    endloop
  endfacet
  facet normal 0.866015 -0.500018 0
    outer loop
      vertex 0.0249996 1.0067 0.0799999
      vertex 0.0384525 1.03 0.7
      vertex 0.0249996 1.0067 0.83
    endloop
  endfacet
  facet normal 0.866023 -0.500005 -3.31508e-06
    outer loop
      vertex 0.0384525 1.03 0.2
      vertex 0.0249996 1.0067 0.0799999
      vertex 0.0499992 1.05 0.0799999
    endloop
  endfacet
  facet normal 0.866015 -0.500018 0
    outer loop
      vertex 0.0384525 1.03 0.7
      vertex 0.0249996 1.0067 0.0799999
      vertex 0.0384525 1.03 0.2
    endloop
  endfacet
  facet normal 0 1 -0
    outer loop
      vertex 0.0249996 1.0933 0.0799999
      vertex -0.0249996 1.0933 0.83
      vertex 0.0249996 1.0933 0.83
    endloop
  endfacet
  facet normal 0 1 0
    outer loop
      vertex -0.0249996 1.0933 0.83
      vertex 0.0249996 1.0933 0.0799999
      vertex -0.0249996 1.0933 0.0799999
    endloop
  endfacet
  facet normal 0.866026 0.5 0
    outer loop
      vertex 0.0499992 1.05 0.78
      vertex 0.0442257 1.06 0.7
      vertex 0.0326787 1.08 0.78
    endloop
  endfacet
  facet normal 0.866026 0.5 0
    outer loop
      vertex 0.0442257 1.06 0.7
      vertex 0.0499992 1.05 0.78
      vertex 0.0499992 1.05 0.7
    endloop
  endfacet
  facet normal 0.866016 0.500017 -0
    outer loop
      vertex 0.0326787 1.08 0.78
      vertex 0.0249996 1.0933 0.83
      vertex 0.0326787 1.08 0.83
    endloop
  endfacet
  facet normal 0.866016 0.500017 0
    outer loop
      vertex 0.0249996 1.0933 0.83
      vertex 0.0326787 1.08 0.78
      vertex 0.0249996 1.0933 0.0799999
    endloop
  endfacet
  facet normal 0.866025 0.500001 -3.96679e-07
    outer loop
      vertex 0.0442257 1.06 0.7
      vertex 0.0249996 1.0933 0.0799999
      vertex 0.0326787 1.08 0.78
    endloop
  endfacet
  facet normal 0.866022 0.500007 -0
    outer loop
      vertex 0.0442257 1.06 0.2
      vertex 0.0249996 1.0933 0.0799999
      vertex 0.0442257 1.06 0.7
    endloop
  endfacet
  facet normal 0.866026 0.5 -0
    outer loop
      vertex 0.0499992 1.05 0.0799999
      vertex 0.0442257 1.06 0.2
      vertex 0.0499992 1.05 0.2
    endloop
  endfacet
  facet normal 0.866023 0.500005 -5.75014e-07
    outer loop
      vertex 0.0442257 1.06 0.2
      vertex 0.0499992 1.05 0.0799999
      vertex 0.0249996 1.0933 0.0799999
    endloop
  endfacet
  facet normal -0.866016 0.500017 0
    outer loop
      vertex -0.0249996 1.0933 0.0799999
      vertex -0.0326787 1.08 0.78
      vertex -0.0249996 1.0933 0.83
    endloop
  endfacet
  facet normal -0.866022 0.500006 -2.75193e-07
    outer loop
      vertex -0.0249996 1.0933 0.0799999
      vertex -0.0442257 1.06 0.2
      vertex -0.0326787 1.08 0.78
    endloop
  endfacet
  facet normal -0.866023 0.500005 -5.75014e-07
    outer loop
      vertex -0.0499992 1.05 0.0799999
      vertex -0.0442257 1.06 0.2
      vertex -0.0249996 1.0933 0.0799999
    endloop
  endfacet
  facet normal -0.866026 0.5 0
    outer loop
      vertex -0.0442257 1.06 0.2
      vertex -0.0499992 1.05 0.0799999
      vertex -0.0499992 1.05 0.2
    endloop
  endfacet
  facet normal -0.866016 0.500017 0
    outer loop
      vertex -0.0249996 1.0933 0.83
      vertex -0.0326787 1.08 0.78
      vertex -0.0326787 1.08 0.83
    endloop
  endfacet
  facet normal -0.866026 0.5 0
    outer loop
      vertex -0.0442257 1.06 0.7
      vertex -0.0326787 1.08 0.78
      vertex -0.0442257 1.06 0.2
    endloop
  endfacet
  facet normal -0.866026 0.5 0
    outer loop
      vertex -0.0499992 1.05 0.78
      vertex -0.0442257 1.06 0.7
      vertex -0.0499992 1.05 0.7
    endloop
  endfacet
  facet normal -0.866026 0.5 0
    outer loop
      vertex -0.0442257 1.06 0.7
      vertex -0.0499992 1.05 0.78
      vertex -0.0326787 1.08 0.78
    endloop
  endfacet
  facet normal -0.866031 -0.49999 0
    outer loop
      vertex -0.0499992 1.05 0.0799999
      vertex -0.0384525 1.03 0.2
      vertex -0.0499992 1.05 0.2
    endloop
  endfacet
  facet normal -0.866015 -0.500018 0
    outer loop
      vertex -0.0249996 1.0067 0.0799999
      vertex -0.0384525 1.03 0.7
      vertex -0.0384525 1.03 0.2
    endloop
  endfacet
  facet normal -0.866023 -0.500005 -3.31508e-06
    outer loop
      vertex -0.0249996 1.0067 0.0799999
      vertex -0.0384525 1.03 0.2
      vertex -0.0499992 1.05 0.0799999
    endloop
  endfacet
  facet normal -0.866015 -0.500018 0
    outer loop
      vertex -0.0384525 1.03 0.7
      vertex -0.0249996 1.0067 0.0799999
      vertex -0.0249996 1.0067 0.83
    endloop
  endfacet
  facet normal -0.866 -0.500044 -6.3261e-06
    outer loop
      vertex -0.0384525 1.03 0.7
      vertex -0.0249996 1.0067 0.83
      vertex -0.0326789 1.02 0.78
    endloop
  endfacet
  facet normal -0.86601 -0.500026 0
    outer loop
      vertex -0.0326789 1.02 0.78
      vertex -0.0249996 1.0067 0.83
      vertex -0.0326789 1.02 0.83
    endloop
  endfacet
  facet normal -0.866031 -0.49999 0
    outer loop
      vertex -0.0384525 1.03 0.7
      vertex -0.0499992 1.05 0.78
      vertex -0.0499992 1.05 0.7
    endloop
  endfacet
  facet normal -0.866028 -0.499995 1.80423e-06
    outer loop
      vertex -0.0499992 1.05 0.78
      vertex -0.0384525 1.03 0.7
      vertex -0.0326789 1.02 0.78
    endloop
  endfacet
  facet normal 0 0 1
    outer loop
      vertex 0.0326789 1.02 0.83
      vertex -0.0249996 1.0067 0.83
      vertex 0.0249996 1.0067 0.83
    endloop
  endfacet
  facet normal 0 -0 1
    outer loop
      vertex -0.0249996 1.0067 0.83
      vertex 0.0326789 1.02 0.83
      vertex -0.0326789 1.02 0.83
    endloop
  endfacet
  facet normal -0 0 1
    outer loop
      vertex -0.0249996 1.0933 0.83
      vertex 0.0326787 1.08 0.83
      vertex 0.0249996 1.0933 0.83
    endloop
  endfacet
  facet normal 0 0 1
    outer loop
      vertex 0.0326787 1.08 0.83
      vertex -0.0249996 1.0933 0.83
      vertex -0.0326787 1.08 0.83
    endloop
  endfacet
  facet normal 0 0 -1
    outer loop
      vertex 0.0249996 1.0067 0.0799999
      vertex 0.0249996 1.0933 0.0799999
      vertex 0.0499992 1.05 0.0799999
    endloop
  endfacet
  facet normal 0 0 -1
    outer loop
      vertex -0.0249996 1.0067 0.0799999
      vertex 0.0249996 1.0933 0.0799999
      vertex 0.0249996 1.0067 0.0799999
    endloop
  endfacet
  facet normal 0 0 -1
    outer loop
      vertex -0.0249996 1.0067 0.0799999
      vertex -0.0249996 1.0933 0.0799999
      vertex 0.0249996 1.0933 0.0799999
    endloop
  endfacet
  facet normal 0 -0 -1
    outer loop
      vertex -0.0249996 1.0933 0.0799999
      vertex -0.0249996 1.0067 0.0799999
      vertex -0.0499992 1.05 0.0799999
    endloop
  endfacet
  facet normal 0 -1 0
    outer loop
      vertex 0.474999 1.0067 0.0799999
      vertex 0.525 1.0067 0.83
      vertex 0.474999 1.0067 0.83
    endloop
  endfacet
  facet normal 0 -1 -0
    outer loop
      vertex 0.525 1.0067 0.83
      vertex 0.474999 1.0067 0.0799999
      vertex 0.525 1.0067 0.0799999
    endloop
  endfacet
  facet normal 0.866019 -0.500012 0
    outer loop
      vertex 0.532679 1.02 0.83
      vertex 0.525 1.0067 0.83
      vertex 0.532679 1.02 0.78
    endloop
  endfacet
  facet normal 0.866044 -0.499967 0
    outer loop
      vertex 0.549999 1.05 0.78
      vertex 0.538453 1.03 0.7
      vertex 0.549999 1.05 0.7
    endloop
  endfacet
  facet normal 0.866029 -0.499994 6.44915e-06
    outer loop
      vertex 0.525 1.0067 0.83
      vertex 0.538453 1.03 0.7
      vertex 0.532679 1.02 0.78
    endloop
  endfacet
  facet normal 0.866032 -0.499989 7.21693e-06
    outer loop
      vertex 0.532679 1.02 0.78
      vertex 0.538453 1.03 0.7
      vertex 0.549999 1.05 0.78
    endloop
  endfacet
  facet normal 0.866044 -0.499967 0
    outer loop
      vertex 0.538453 1.03 0.2
      vertex 0.549999 1.05 0.0799999
      vertex 0.549999 1.05 0.2
    endloop
  endfacet
  facet normal 0.866014 -0.500021 0
    outer loop
      vertex 0.525 1.0067 0.0799999
      vertex 0.538453 1.03 0.7
      vertex 0.525 1.0067 0.83
    endloop
  endfacet
  facet normal 0.866028 -0.499996 -6.36687e-06
    outer loop
      vertex 0.538453 1.03 0.2
      vertex 0.525 1.0067 0.0799999
      vertex 0.549999 1.05 0.0799999
    endloop
  endfacet
  facet normal 0.866014 -0.500021 0
    outer loop
      vertex 0.538453 1.03 0.7
      vertex 0.525 1.0067 0.0799999
      vertex 0.538453 1.03 0.2
    endloop
  endfacet
  facet normal 0 1 -0
    outer loop
      vertex 0.525 1.0933 0.0799999
      vertex 0.474999 1.0933 0.83
      vertex 0.525 1.0933 0.83
    endloop
  endfacet
  facet normal 0 1 0
    outer loop
      vertex 0.474999 1.0933 0.83
      vertex 0.525 1.0933 0.0799999
      vertex 0.474999 1.0933 0.0799999
    endloop
  endfacet
  facet normal 0.866032 0.499989 3.60847e-06
    outer loop
      vertex 0.549999 1.05 0.78
      vertex 0.544226 1.06 0.7
      vertex 0.532679 1.08 0.78
    endloop
  endfacet
  facet normal 0.866044 0.499967 0
    outer loop
      vertex 0.544226 1.06 0.7
      vertex 0.549999 1.05 0.78
      vertex 0.549999 1.05 0.7
    endloop
  endfacet
  facet normal 0.866019 0.500012 -0
    outer loop
      vertex 0.532679 1.08 0.78
      vertex 0.525 1.0933 0.83
      vertex 0.532679 1.08 0.83
    endloop
  endfacet
  facet normal 0.866019 0.500012 0
    outer loop
      vertex 0.525 1.0933 0.83
      vertex 0.532679 1.08 0.78
      vertex 0.525 1.0933 0.0799999
    endloop
  endfacet
  facet normal 0.866025 0.500001 -2.817e-07
    outer loop
      vertex 0.544226 1.06 0.7
      vertex 0.525 1.0933 0.0799999
      vertex 0.532679 1.08 0.78
    endloop
  endfacet
  facet normal 0.866023 0.500005 -0
    outer loop
      vertex 0.544226 1.06 0.2
      vertex 0.525 1.0933 0.0799999
      vertex 0.544226 1.06 0.7
    endloop
  endfacet
  facet normal 0.866044 0.499967 -0
    outer loop
      vertex 0.549999 1.05 0.0799999
      vertex 0.544226 1.06 0.2
      vertex 0.549999 1.05 0.2
    endloop
  endfacet
  facet normal 0.866028 0.499996 -3.18343e-06
    outer loop
      vertex 0.544226 1.06 0.2
      vertex 0.549999 1.05 0.0799999
      vertex 0.525 1.0933 0.0799999
    endloop
  endfacet
  facet normal -0.866019 0.500012 0
    outer loop
      vertex 0.474999 1.0933 0.0799999
      vertex 0.46732 1.08 0.78
      vertex 0.474999 1.0933 0.83
    endloop
  endfacet
  facet normal -0.866023 0.500004 -1.95427e-07
    outer loop
      vertex 0.474999 1.0933 0.0799999
      vertex 0.455773 1.06 0.2
      vertex 0.46732 1.08 0.78
    endloop
  endfacet
  facet normal -0.866028 0.499996 -3.18343e-06
    outer loop
      vertex 0.45 1.05 0.0799999
      vertex 0.455773 1.06 0.2
      vertex 0.474999 1.0933 0.0799999
    endloop
  endfacet
  facet normal -0.866044 0.499967 0
    outer loop
      vertex 0.455773 1.06 0.2
      vertex 0.45 1.05 0.0799999
      vertex 0.45 1.05 0.2
    endloop
  endfacet
  facet normal -0.866019 0.500012 0
    outer loop
      vertex 0.474999 1.0933 0.83
      vertex 0.46732 1.08 0.78
      vertex 0.46732 1.08 0.83
    endloop
  endfacet
  facet normal -0.866026 0.5 0
    outer loop
      vertex 0.455773 1.06 0.7
      vertex 0.46732 1.08 0.78
      vertex 0.455773 1.06 0.2
    endloop
  endfacet
  facet normal -0.866044 0.499967 0
    outer loop
      vertex 0.45 1.05 0.78
      vertex 0.455773 1.06 0.7
      vertex 0.45 1.05 0.7
    endloop
  endfacet
  facet normal -0.866032 0.499989 3.60847e-06
    outer loop
      vertex 0.455773 1.06 0.7
      vertex 0.45 1.05 0.78
      vertex 0.46732 1.08 0.78
    endloop
  endfacet
  facet normal -0.866026 -0.5 0
    outer loop
      vertex 0.45 1.05 0.0799999
      vertex 0.461547 1.03 0.2
      vertex 0.45 1.05 0.2
    endloop
  endfacet
  facet normal -0.86603 -0.499993 0
    outer loop
      vertex 0.474999 1.0067 0.0799999
      vertex 0.461547 1.03 0.7
      vertex 0.461547 1.03 0.2
    endloop
  endfacet
  facet normal -0.866028 -0.499996 8.50026e-07
    outer loop
      vertex 0.474999 1.0067 0.0799999
      vertex 0.461547 1.03 0.2
      vertex 0.45 1.05 0.0799999
    endloop
  endfacet
  facet normal -0.86603 -0.499993 0
    outer loop
      vertex 0.461547 1.03 0.7
      vertex 0.474999 1.0067 0.0799999
      vertex 0.474999 1.0067 0.83
    endloop
  endfacet
  facet normal -0.865996 -0.500051 -1.39726e-05
    outer loop
      vertex 0.461547 1.03 0.7
      vertex 0.474999 1.0067 0.83
      vertex 0.46732 1.02 0.78
    endloop
  endfacet
  facet normal -0.866019 -0.500012 0
    outer loop
      vertex 0.46732 1.02 0.78
      vertex 0.474999 1.0067 0.83
      vertex 0.46732 1.02 0.83
    endloop
  endfacet
  facet normal -0.866026 -0.5 0
    outer loop
      vertex 0.461547 1.03 0.7
      vertex 0.45 1.05 0.78
      vertex 0.45 1.05 0.7
    endloop
  endfacet
  facet normal -0.866032 -0.499989 -3.60847e-06
    outer loop
      vertex 0.45 1.05 0.78
      vertex 0.461547 1.03 0.7
      vertex 0.46732 1.02 0.78
    endloop
  endfacet
  facet normal 0 0 1
    outer loop
      vertex 0.532679 1.02 0.83
      vertex 0.474999 1.0067 0.83
      vertex 0.525 1.0067 0.83
    endloop
  endfacet
  facet normal 0 -0 1
    outer loop
      vertex 0.474999 1.0067 0.83
      vertex 0.532679 1.02 0.83
      vertex 0.46732 1.02 0.83
    endloop
  endfacet
  facet normal -0 0 1
    outer loop
      vertex 0.474999 1.0933 0.83
      vertex 0.532679 1.08 0.83
      vertex 0.525 1.0933 0.83
    endloop
  endfacet
  facet normal 0 0 1
    outer loop
      vertex 0.532679 1.08 0.83
      vertex 0.474999 1.0933 0.83
      vertex 0.46732 1.08 0.83
    endloop
  endfacet
  facet normal 0 0 -1
    outer loop
      vertex 0.525 1.0067 0.0799999
      vertex 0.525 1.0933 0.0799999
      vertex 0.549999 1.05 0.0799999
    endloop
  endfacet
  facet normal 0 0 -1
    outer loop
      vertex 0.474999 1.0067 0.0799999
      vertex 0.525 1.0933 0.0799999
      vertex 0.525 1.0067 0.0799999
    endloop
  endfacet
  facet normal 0 0 -1
    outer loop
      vertex 0.474999 1.0067 0.0799999
      vertex 0.474999 1.0933 0.0799999
      vertex 0.525 1.0933 0.0799999
    endloop
  endfacet
  facet normal 0 -0 -1
    outer loop
      vertex 0.474999 1.0933 0.0799999
      vertex 0.474999 1.0067 0.0799999
      vertex 0.45 1.05 0.0799999
    endloop
  endfacet
  facet normal 0 -1 0
    outer loop
      vertex 0.974999 1.0067 0.0799999
      vertex 1.025 1.0067 0.83
      vertex 0.974999 1.0067 0.83
    endloop
  endfacet
  facet normal 0 -1 -0
    outer loop
      vertex 1.025 1.0067 0.83
      vertex 0.974999 1.0067 0.0799999
      vertex 1.025 1.0067 0.0799999
    endloop
  endfacet
  facet normal 0.86599 -0.500061 0
    outer loop
      vertex 1.03268 1.02 0.83
      vertex 1.025 1.0067 0.83
      vertex 1.03268 1.02 0.78
    endloop
  endfacet
  facet normal 0.865969 -0.500097 0
    outer loop
      vertex 1.05 1.05 0.78
      vertex 1.03845 1.03 0.7
      vertex 1.05 1.05 0.7
    endloop
  endfacet
  facet normal 0.865843 -0.500316 -9.05758e-05
    outer loop
      vertex 1.025 1.0067 0.83
      vertex 1.03845 1.03 0.7
      vertex 1.03268 1.02 0.78
    endloop
  endfacet
  facet normal 0.866032 -0.499989 -3.60847e-05
    outer loop
      vertex 1.03268 1.02 0.78
      vertex 1.03845 1.03 0.7
      vertex 1.05 1.05 0.78
    endloop
  endfacet
  facet normal 0.865969 -0.500097 0
    outer loop
      vertex 1.03845 1.03 0.2
      vertex 1.05 1.05 0.0799999
      vertex 1.05 1.05 0.2
    endloop
  endfacet
  facet normal 0.866062 -0.499937 0
    outer loop
      vertex 1.025 1.0067 0.0799999
      vertex 1.03845 1.03 0.7
      vertex 1.025 1.0067 0.83
    endloop
  endfacet
  facet normal 0.866019 -0.500011 1.91671e-05
    outer loop
      vertex 1.03845 1.03 0.2
      vertex 1.025 1.0067 0.0799999
      vertex 1.05 1.05 0.0799999
    endloop
  endfacet
  facet normal 0.866062 -0.499937 0
    outer loop
      vertex 1.03845 1.03 0.7
      vertex 1.025 1.0067 0.0799999
      vertex 1.03845 1.03 0.2
    endloop
  endfacet
  facet normal 0 1 -0
    outer loop
      vertex 1.025 1.0933 0.0799999
      vertex 0.974999 1.0933 0.83
      vertex 1.025 1.0933 0.83
    endloop
  endfacet
  facet normal 0 1 0
    outer loop
      vertex 0.974999 1.0933 0.83
      vertex 1.025 1.0933 0.0799999
      vertex 0.974999 1.0933 0.0799999
    endloop
  endfacet
  facet normal 0.866032 0.499989 3.60847e-05
    outer loop
      vertex 1.05 1.05 0.78
      vertex 1.04423 1.06 0.7
      vertex 1.03268 1.08 0.78
    endloop
  endfacet
  facet normal 0.866157 0.499772 0
    outer loop
      vertex 1.04423 1.06 0.7
      vertex 1.05 1.05 0.78
      vertex 1.05 1.05 0.7
    endloop
  endfacet
  facet normal 0.86599 0.500061 -0
    outer loop
      vertex 1.03268 1.08 0.78
      vertex 1.025 1.0933 0.83
      vertex 1.03268 1.08 0.83
    endloop
  endfacet
  facet normal 0.86599 0.500061 0
    outer loop
      vertex 1.025 1.0933 0.83
      vertex 1.03268 1.08 0.78
      vertex 1.025 1.0933 0.0799999
    endloop
  endfacet
  facet normal 0.865971 0.500095 8.62292e-07
    outer loop
      vertex 1.04423 1.06 0.7
      vertex 1.025 1.0933 0.0799999
      vertex 1.03268 1.08 0.78
    endloop
  endfacet
  facet normal 0.865978 0.500083 -0
    outer loop
      vertex 1.04423 1.06 0.2
      vertex 1.025 1.0933 0.0799999
      vertex 1.04423 1.06 0.7
    endloop
  endfacet
  facet normal 0.866157 0.499772 -0
    outer loop
      vertex 1.05 1.05 0.0799999
      vertex 1.04423 1.06 0.2
      vertex 1.05 1.05 0.2
    endloop
  endfacet
  facet normal 0.866019 0.500011 -2.65006e-05
    outer loop
      vertex 1.04423 1.06 0.2
      vertex 1.05 1.05 0.0799999
      vertex 1.025 1.0933 0.0799999
    endloop
  endfacet
  facet normal -0.866019 0.500012 0
    outer loop
      vertex 0.974999 1.0933 0.0799999
      vertex 0.96732 1.08 0.78
      vertex 0.974999 1.0933 0.83
    endloop
  endfacet
  facet normal -0.866023 0.500004 -1.95427e-07
    outer loop
      vertex 0.974999 1.0933 0.0799999
      vertex 0.955773 1.06 0.2
      vertex 0.96732 1.08 0.78
    endloop
  endfacet
  facet normal -0.866028 0.499996 -3.18343e-06
    outer loop
      vertex 0.95 1.05 0.0799999
      vertex 0.955773 1.06 0.2
      vertex 0.974999 1.0933 0.0799999
    endloop
  endfacet
  facet normal -0.866044 0.499967 0
    outer loop
      vertex 0.955773 1.06 0.2
      vertex 0.95 1.05 0.0799999
      vertex 0.95 1.05 0.2
    endloop
  endfacet
  facet normal -0.866019 0.500012 0
    outer loop
      vertex 0.974999 1.0933 0.83
      vertex 0.96732 1.08 0.78
      vertex 0.96732 1.08 0.83
    endloop
  endfacet
  facet normal -0.866026 0.5 0
    outer loop
      vertex 0.955773 1.06 0.7
      vertex 0.96732 1.08 0.78
      vertex 0.955773 1.06 0.2
    endloop
  endfacet
  facet normal -0.866044 0.499967 0
    outer loop
      vertex 0.95 1.05 0.78
      vertex 0.955773 1.06 0.7
      vertex 0.95 1.05 0.7
    endloop
  endfacet
  facet normal -0.866032 0.499989 3.60847e-06
    outer loop
      vertex 0.955773 1.06 0.7
      vertex 0.95 1.05 0.78
      vertex 0.96732 1.08 0.78
    endloop
  endfacet
  facet normal -0.866026 -0.5 0
    outer loop
      vertex 0.95 1.05 0.0799999
      vertex 0.961547 1.03 0.2
      vertex 0.95 1.05 0.2
    endloop
  endfacet
  facet normal -0.86603 -0.499993 0
    outer loop
      vertex 0.974999 1.0067 0.0799999
      vertex 0.961547 1.03 0.7
      vertex 0.961547 1.03 0.2
    endloop
  endfacet
  facet normal -0.866028 -0.499996 8.50026e-07
    outer loop
      vertex 0.974999 1.0067 0.0799999
      vertex 0.961547 1.03 0.2
      vertex 0.95 1.05 0.0799999
    endloop
  endfacet
  facet normal -0.86603 -0.499993 0
    outer loop
      vertex 0.961547 1.03 0.7
      vertex 0.974999 1.0067 0.0799999
      vertex 0.974999 1.0067 0.83
    endloop
  endfacet
  facet normal -0.865996 -0.500051 -1.39726e-05
    outer loop
      vertex 0.961547 1.03 0.7
      vertex 0.974999 1.0067 0.83
      vertex 0.96732 1.02 0.78
    endloop
  endfacet
  facet normal -0.866019 -0.500012 0
    outer loop
      vertex 0.96732 1.02 0.78
      vertex 0.974999 1.0067 0.83
      vertex 0.96732 1.02 0.83
    endloop
  endfacet
  facet normal -0.866026 -0.5 0
    outer loop
      vertex 0.961547 1.03 0.7
      vertex 0.95 1.05 0.78
      vertex 0.95 1.05 0.7
    endloop
  endfacet
  facet normal -0.866032 -0.499989 -3.60847e-06
    outer loop
      vertex 0.95 1.05 0.78
      vertex 0.961547 1.03 0.7
      vertex 0.96732 1.02 0.78
    endloop
  endfacet
  facet normal 0 0 1
    outer loop
      vertex 1.03268 1.02 0.83
      vertex 0.974999 1.0067 0.83
      vertex 1.025 1.0067 0.83
    endloop
  endfacet
  facet normal 0 -0 1
    outer loop
      vertex 0.974999 1.0067 0.83
      vertex 1.03268 1.02 0.83
      vertex 0.96732 1.02 0.83
    endloop
  endfacet
  facet normal -0 0 1
    outer loop
      vertex 0.974999 1.0933 0.83
      vertex 1.03268 1.08 0.83
      vertex 1.025 1.0933 0.83
    endloop
  endfacet
  facet normal 0 0 1
    outer loop
      vertex 1.03268 1.08 0.83
      vertex 0.974999 1.0933 0.83
      vertex 0.96732 1.08 0.83
    endloop
  endfacet
  facet normal 0 0 -1
    outer loop
      vertex 1.025 1.0067 0.0799999
      vertex 1.025 1.0933 0.0799999
      vertex 1.05 1.05 0.0799999
    endloop
  endfacet
  facet normal 0 0 -1
    outer loop
      vertex 0.974999 1.0067 0.0799999
      vertex 1.025 1.0933 0.0799999
      vertex 1.025 1.0067 0.0799999
    endloop
  endfacet
  facet normal 0 0 -1
    outer loop
      vertex 0.974999 1.0067 0.0799999
      vertex 0.974999 1.0933 0.0799999
      vertex 1.025 1.0933 0.0799999
    endloop
  endfacet
  facet normal 0 -0 -1
    outer loop
      vertex 0.974999 1.0933 0.0799999
      vertex 0.974999 1.0067 0.0799999
      vertex 0.95 1.05 0.0799999
    endloop
  endfacet
  facet normal 0 -1 0
    outer loop
      vertex 1.475 1.0067 0.0799999
      vertex 1.525 1.0067 0.83
      vertex 1.475 1.0067 0.83
    endloop
  endfacet
  facet normal 0 -1 -0
    outer loop
      vertex 1.525 1.0067 0.83
      vertex 1.475 1.0067 0.0799999
      vertex 1.525 1.0067 0.0799999
    endloop
  endfacet
  facet normal 0.86599 -0.500061 0
    outer loop
      vertex 1.53268 1.02 0.83
      vertex 1.525 1.0067 0.83
      vertex 1.53268 1.02 0.78
    endloop
  endfacet
  facet normal 0.865969 -0.500097 0
    outer loop
      vertex 1.55 1.05 0.78
      vertex 1.53845 1.03 0.7
      vertex 1.55 1.05 0.7
    endloop
  endfacet
  facet normal 0.865843 -0.500316 -9.05758e-05
    outer loop
      vertex 1.525 1.0067 0.83
      vertex 1.53845 1.03 0.7
      vertex 1.53268 1.02 0.78
    endloop
  endfacet
  facet normal 0.866032 -0.499989 -3.60847e-05
    outer loop
      vertex 1.53268 1.02 0.78
      vertex 1.53845 1.03 0.7
      vertex 1.55 1.05 0.78
    endloop
  endfacet
  facet normal 0.865969 -0.500097 0
    outer loop
      vertex 1.53845 1.03 0.2
      vertex 1.55 1.05 0.0799999
      vertex 1.55 1.05 0.2
    endloop
  endfacet
  facet normal 0.866062 -0.499937 0
    outer loop
      vertex 1.525 1.0067 0.0799999
      vertex 1.53845 1.03 0.7
      vertex 1.525 1.0067 0.83
    endloop
  endfacet
  facet normal 0.866019 -0.500011 1.91671e-05
    outer loop
      vertex 1.53845 1.03 0.2
      vertex 1.525 1.0067 0.0799999
      vertex 1.55 1.05 0.0799999
    endloop
  endfacet
  facet normal 0.866062 -0.499937 0
    outer loop
      vertex 1.53845 1.03 0.7
      vertex 1.525 1.0067 0.0799999
      vertex 1.53845 1.03 0.2
    endloop
  endfacet
  facet normal 0 1 -0
    outer loop
      vertex 1.525 1.0933 0.0799999
      vertex 1.475 1.0933 0.83
      vertex 1.525 1.0933 0.83
    endloop
  endfacet
  facet normal 0 1 0
    outer loop
      vertex 1.475 1.0933 0.83
      vertex 1.525 1.0933 0.0799999
      vertex 1.475 1.0933 0.0799999
    endloop
  endfacet
  facet normal 0.866032 0.499989 3.60847e-05
    outer loop
      vertex 1.55 1.05 0.78
      vertex 1.54423 1.06 0.7
      vertex 1.53268 1.08 0.78
    endloop
  endfacet
  facet normal 0.866157 0.499772 0
    outer loop
      vertex 1.54423 1.06 0.7
      vertex 1.55 1.05 0.78
      vertex 1.55 1.05 0.7
    endloop
  endfacet
  facet normal 0.86599 0.500061 -0
    outer loop
      vertex 1.53268 1.08 0.78
      vertex 1.525 1.0933 0.83
      vertex 1.53268 1.08 0.83
    endloop
  endfacet
  facet normal 0.86599 0.500061 0
    outer loop
      vertex 1.525 1.0933 0.83
      vertex 1.53268 1.08 0.78
      vertex 1.525 1.0933 0.0799999
    endloop
  endfacet
  facet normal 0.865971 0.500095 8.62292e-07
    outer loop
      vertex 1.54423 1.06 0.7
      vertex 1.525 1.0933 0.0799999
      vertex 1.53268 1.08 0.78
    endloop
  endfacet
  facet normal 0.865978 0.500083 -0
    outer loop
      vertex 1.54423 1.06 0.2
      vertex 1.525 1.0933 0.0799999
      vertex 1.54423 1.06 0.7
    endloop
  endfacet
  facet normal 0.866157 0.499772 -0
    outer loop
      vertex 1.55 1.05 0.0799999
      vertex 1.54423 1.06 0.2
      vertex 1.55 1.05 0.2
    endloop
  endfacet
  facet normal 0.866019 0.500011 -2.65006e-05
    outer loop
      vertex 1.54423 1.06 0.2
      vertex 1.55 1.05 0.0799999
      vertex 1.525 1.0933 0.0799999
    endloop
  endfacet
  facet normal -0.86599 0.500061 0
    outer loop
      vertex 1.475 1.0933 0.0799999
      vertex 1.46732 1.08 0.78
      vertex 1.475 1.0933 0.83
    endloop
  endfacet
  facet normal -0.865977 0.500084 5.98215e-07
    outer loop
      vertex 1.475 1.0933 0.0799999
      vertex 1.45577 1.06 0.2
      vertex 1.46732 1.08 0.78
    endloop
  endfacet
  facet normal -0.866019 0.500011 -2.65006e-05
    outer loop
      vertex 1.45 1.05 0.0799999
      vertex 1.45577 1.06 0.2
      vertex 1.475 1.0933 0.0799999
    endloop
  endfacet
  facet normal -0.866157 0.499772 0
    outer loop
      vertex 1.45577 1.06 0.2
      vertex 1.45 1.05 0.0799999
      vertex 1.45 1.05 0.2
    endloop
  endfacet
  facet normal -0.86599 0.500061 0
    outer loop
      vertex 1.475 1.0933 0.83
      vertex 1.46732 1.08 0.78
      vertex 1.46732 1.08 0.83
    endloop
  endfacet
  facet normal -0.865969 0.500097 0
    outer loop
      vertex 1.45577 1.06 0.7
      vertex 1.46732 1.08 0.78
      vertex 1.45577 1.06 0.2
    endloop
  endfacet
  facet normal -0.866157 0.499772 0
    outer loop
      vertex 1.45 1.05 0.78
      vertex 1.45577 1.06 0.7
      vertex 1.45 1.05 0.7
    endloop
  endfacet
  facet normal -0.866032 0.499989 3.60847e-05
    outer loop
      vertex 1.45577 1.06 0.7
      vertex 1.45 1.05 0.78
      vertex 1.46732 1.08 0.78
    endloop
  endfacet
  facet normal -0.865969 -0.500097 0
    outer loop
      vertex 1.45 1.05 0.0799999
      vertex 1.46155 1.03 0.2
      vertex 1.45 1.05 0.2
    endloop
  endfacet
  facet normal -0.866062 -0.499937 0
    outer loop
      vertex 1.475 1.0067 0.0799999
      vertex 1.46155 1.03 0.7
      vertex 1.46155 1.03 0.2
    endloop
  endfacet
  facet normal -0.866019 -0.500011 1.91671e-05
    outer loop
      vertex 1.475 1.0067 0.0799999
      vertex 1.46155 1.03 0.2
      vertex 1.45 1.05 0.0799999
    endloop
  endfacet
  facet normal -0.866062 -0.499937 0
    outer loop
      vertex 1.46155 1.03 0.7
      vertex 1.475 1.0067 0.0799999
      vertex 1.475 1.0067 0.83
    endloop
  endfacet
  facet normal -0.865843 -0.500316 -9.05758e-05
    outer loop
      vertex 1.46155 1.03 0.7
      vertex 1.475 1.0067 0.83
      vertex 1.46732 1.02 0.78
    endloop
  endfacet
  facet normal -0.86599 -0.500061 0
    outer loop
      vertex 1.46732 1.02 0.78
      vertex 1.475 1.0067 0.83
      vertex 1.46732 1.02 0.83
    endloop
  endfacet
  facet normal -0.865969 -0.500097 0
    outer loop
      vertex 1.46155 1.03 0.7
      vertex 1.45 1.05 0.78
      vertex 1.45 1.05 0.7
    endloop
  endfacet
  facet normal -0.866032 -0.499989 -3.60847e-05
    outer loop
      vertex 1.45 1.05 0.78
      vertex 1.46155 1.03 0.7
      vertex 1.46732 1.02 0.78
    endloop
  endfacet
  facet normal 0 0 1
    outer loop
      vertex 1.53268 1.02 0.83
      vertex 1.475 1.0067 0.83
      vertex 1.525 1.0067 0.83
    endloop
  endfacet
  facet normal 0 -0 1
    outer loop
      vertex 1.475 1.0067 0.83
      vertex 1.53268 1.02 0.83
      vertex 1.46732 1.02 0.83
    endloop
  endfacet
  facet normal -0 0 1
    outer loop
      vertex 1.475 1.0933 0.83
      vertex 1.53268 1.08 0.83
      vertex 1.525 1.0933 0.83
    endloop
  endfacet
  facet normal 0 0 1
    outer loop
      vertex 1.53268 1.08 0.83
      vertex 1.475 1.0933 0.83
      vertex 1.46732 1.08 0.83
    endloop
  endfacet
  facet normal 0 0 -1
    outer loop
      vertex 1.525 1.0067 0.0799999
      vertex 1.525 1.0933 0.0799999
      vertex 1.55 1.05 0.0799999
    endloop
  endfacet
  facet normal 0 0 -1
    outer loop
      vertex 1.475 1.0067 0.0799999
      vertex 1.525 1.0933 0.0799999
      vertex 1.525 1.0067 0.0799999
    endloop
  endfacet
  facet normal 0 0 -1
    outer loop
      vertex 1.475 1.0067 0.0799999
      vertex 1.475 1.0933 0.0799999
      vertex 1.525 1.0933 0.0799999
    endloop
  endfacet
  facet normal 0 -0 -1
    outer loop
      vertex 1.475 1.0933 0.0799999
      vertex 1.475 1.0067 0.0799999
      vertex 1.45 1.05 0.0799999
    endloop
  endfacet
  facet normal 0 -1 0
    outer loop
      vertex 1.975 1.0067 0.0799999
      vertex 2.025 1.0067 0.83
      vertex 1.975 1.0067 0.83
    endloop
  endfacet
  facet normal 0 -1 -0
    outer loop
      vertex 2.025 1.0067 0.83
      vertex 1.975 1.0067 0.0799999
      vertex 2.025 1.0067 0.0799999
    endloop
  endfacet
  facet normal 0.86599 -0.500061 0
    outer loop
      vertex 2.03268 1.02 0.83
      vertex 2.025 1.0067 0.83
      vertex 2.03268 1.02 0.78
    endloop
  endfacet
  facet normal 0.865969 -0.500097 0
    outer loop
      vertex 2.05 1.05 0.78
      vertex 2.03845 1.03 0.7
      vertex 2.05 1.05 0.7
    endloop
  endfacet
  facet normal 0.865843 -0.500316 -9.05758e-05
    outer loop
      vertex 2.025 1.0067 0.83
      vertex 2.03845 1.03 0.7
      vertex 2.03268 1.02 0.78
    endloop
  endfacet
  facet normal 0.866032 -0.499989 -3.60847e-05
    outer loop
      vertex 2.03268 1.02 0.78
      vertex 2.03845 1.03 0.7
      vertex 2.05 1.05 0.78
    endloop
  endfacet
  facet normal 0.865969 -0.500097 0
    outer loop
      vertex 2.03845 1.03 0.2
      vertex 2.05 1.05 0.0799999
      vertex 2.05 1.05 0.2
    endloop
  endfacet
  facet normal 0.866062 -0.499937 0
    outer loop
      vertex 2.025 1.0067 0.0799999
      vertex 2.03845 1.03 0.7
      vertex 2.025 1.0067 0.83
    endloop
  endfacet
  facet normal 0.866019 -0.500011 1.91671e-05
    outer loop
      vertex 2.03845 1.03 0.2
      vertex 2.025 1.0067 0.0799999
      vertex 2.05 1.05 0.0799999
    endloop
  endfacet
  facet normal 0.866062 -0.499937 0
    outer loop
      vertex 2.03845 1.03 0.7
      vertex 2.025 1.0067 0.0799999
      vertex 2.03845 1.03 0.2
    endloop
  endfacet
  facet normal 0 1 -0
    outer loop
      vertex 2.025 1.0933 0.0799999
      vertex 1.975 1.0933 0.83
      vertex 2.025 1.0933 0.83
    endloop
  endfacet
  facet normal 0 1 0
    outer loop
      vertex 1.975 1.0933 0.83
      vertex 2.025 1.0933 0.0799999
      vertex 1.975 1.0933 0.0799999
    endloop
  endfacet
  facet normal 0.866032 0.499989 3.60847e-05
    outer loop
      vertex 2.05 1.05 0.78
      vertex 2.04423 1.06 0.7
      vertex 2.03268 1.08 0.78
    endloop
  endfacet
  facet normal 0.866157 0.499772 0
    outer loop
      vertex 2.04423 1.06 0.7
      vertex 2.05 1.05 0.78
      vertex 2.05 1.05 0.7
    endloop
  endfacet
  facet normal 0.86599 0.500061 -0
    outer loop
      vertex 2.03268 1.08 0.78
      vertex 2.025 1.0933 0.83
      vertex 2.03268 1.08 0.83
    endloop
  endfacet
  facet normal 0.86599 0.500061 0
    outer loop
      vertex 2.025 1.0933 0.83
      vertex 2.03268 1.08 0.78
      vertex 2.025 1.0933 0.0799999
    endloop
  endfacet
  facet normal 0.865971 0.500095 8.62292e-07
    outer loop
      vertex 2.04423 1.06 0.7
      vertex 2.025 1.0933 0.0799999
      vertex 2.03268 1.08 0.78
    endloop
  endfacet
  facet normal 0.865978 0.500083 -0
    outer loop
      vertex 2.04423 1.06 0.2
      vertex 2.025 1.0933 0.0799999
      vertex 2.04423 1.06 0.7
    endloop
  endfacet
  facet normal 0.866157 0.499772 -0
    outer loop
      vertex 2.05 1.05 0.0799999
      vertex 2.04423 1.06 0.2
      vertex 2.05 1.05 0.2
    endloop
  endfacet
  facet normal 0.866019 0.500011 -2.65006e-05
    outer loop
      vertex 2.04423 1.06 0.2
      vertex 2.05 1.05 0.0799999
      vertex 2.025 1.0933 0.0799999
    endloop
  endfacet
  facet normal -0.86599 0.500061 0
    outer loop
      vertex 1.975 1.0933 0.0799999
      vertex 1.96732 1.08 0.78
      vertex 1.975 1.0933 0.83
    endloop
  endfacet
  facet normal -0.865977 0.500084 5.98215e-07
    outer loop
      vertex 1.975 1.0933 0.0799999
      vertex 1.95577 1.06 0.2
      vertex 1.96732 1.08 0.78
    endloop
  endfacet
  facet normal -0.866019 0.500011 -2.65006e-05
    outer loop
      vertex 1.95 1.05 0.0799999
      vertex 1.95577 1.06 0.2
      vertex 1.975 1.0933 0.0799999
    endloop
  endfacet
  facet normal -0.866157 0.499772 0
    outer loop
      vertex 1.95577 1.06 0.2
      vertex 1.95 1.05 0.0799999
      vertex 1.95 1.05 0.2
    endloop
  endfacet
  facet normal -0.86599 0.500061 0
    outer loop
      vertex 1.975 1.0933 0.83
      vertex 1.96732 1.08 0.78
      vertex 1.96732 1.08 0.83
    endloop
  endfacet
  facet normal -0.865969 0.500097 0
    outer loop
      vertex 1.95577 1.06 0.7
      vertex 1.96732 1.08 0.78
      vertex 1.95577 1.06 0.2
    endloop
  endfacet
  facet normal -0.866157 0.499772 0
    outer loop
      vertex 1.95 1.05 0.78
      vertex 1.95577 1.06 0.7
      vertex 1.95 1.05 0.7
    endloop
  endfacet
  facet normal -0.866032 0.499989 3.60847e-05
    outer loop
      vertex 1.95577 1.06 0.7
      vertex 1.95 1.05 0.78
      vertex 1.96732 1.08 0.78
    endloop
  endfacet
  facet normal -0.865969 -0.500097 0
    outer loop
      vertex 1.95 1.05 0.0799999
      vertex 1.96155 1.03 0.2
      vertex 1.95 1.05 0.2
    endloop
  endfacet
  facet normal -0.866062 -0.499937 0
    outer loop
      vertex 1.975 1.0067 0.0799999
      vertex 1.96155 1.03 0.7
      vertex 1.96155 1.03 0.2
    endloop
  endfacet
  facet normal -0.866019 -0.500011 1.91671e-05
    outer loop
      vertex 1.975 1.0067 0.0799999
      vertex 1.96155 1.03 0.2
      vertex 1.95 1.05 0.0799999
    endloop
  endfacet
  facet normal -0.866062 -0.499937 0
    outer loop
      vertex 1.96155 1.03 0.7
      vertex 1.975 1.0067 0.0799999
      vertex 1.975 1.0067 0.83
    endloop
  endfacet
  facet normal -0.865843 -0.500316 -9.05758e-05
    outer loop
      vertex 1.96155 1.03 0.7
      vertex 1.975 1.0067 0.83
      vertex 1.96732 1.02 0.78
    endloop
  endfacet
  facet normal -0.86599 -0.500061 0
    outer loop
      vertex 1.96732 1.02 0.78
      vertex 1.975 1.0067 0.83
      vertex 1.96732 1.02 0.83
    endloop
  endfacet
  facet normal -0.865969 -0.500097 0
    outer loop
      vertex 1.96155 1.03 0.7
      vertex 1.95 1.05 0.78
      vertex 1.95 1.05 0.7
    endloop
  endfacet
  facet normal -0.866032 -0.499989 -3.60847e-05
    outer loop
      vertex 1.95 1.05 0.78
      vertex 1.96155 1.03 0.7
      vertex 1.96732 1.02 0.78
    endloop
  endfacet
  facet normal 0 0 -1
    outer loop
      vertex 2.07 0.98 0.83
      vertex 2.05 1.02 0.83
      vertex 2.07 1.12 0.83
    endloop
  endfacet
  facet normal 0 0 -1
    outer loop
      vertex 2.025 1.0067 0.83
      vertex 2.05 1.02 0.83
      vertex 2.07 0.98 0.83
    endloop
  endfacet
  facet normal -0 0 -1
    outer loop
      vertex 2.05 1.02 0.83
      vertex 2.025 1.0067 0.83
      vertex 2.03268 1.02 0.83
    endloop
  endfacet
  facet normal 0 0 -1
    outer loop
      vertex 2.07 0.98 0.83
      vertex 1.975 1.0067 0.83
      vertex 2.025 1.0067 0.83
    endloop
  endfacet
  facet normal 0 0 -1
    outer loop
      vertex 1.93 0.98 0.83
      vertex 1.975 1.0067 0.83
      vertex 2.07 0.98 0.83
    endloop
  endfacet
  facet normal 0 0 -1
    outer loop
      vertex 1.93 1.02 0.83
      vertex 1.975 1.0067 0.83
      vertex 1.93 0.98 0.83
    endloop
  endfacet
  facet normal 0 0 -1
    outer loop
      vertex 1.975 1.0067 0.83
      vertex 1.93 1.02 0.83
      vertex 1.96732 1.02 0.83
    endloop
  endfacet
  facet normal 0 0 -1
    outer loop
      vertex 2.05 1.08 0.83
      vertex 2.07 1.12 0.83
      vertex 2.05 1.02 0.83
    endloop
  endfacet
  facet normal 0 0 -1
    outer loop
      vertex 2.025 1.0933 0.83
      vertex 2.05 1.08 0.83
      vertex 2.03268 1.08 0.83
    endloop
  endfacet
  facet normal 0 0 -1
    outer loop
      vertex 2.05 1.08 0.83
      vertex 2.025 1.0933 0.83
      vertex 2.07 1.12 0.83
    endloop
  endfacet
  facet normal 0 0 -1
    outer loop
      vertex 1.975 1.0933 0.83
      vertex 2.07 1.12 0.83
      vertex 2.025 1.0933 0.83
    endloop
  endfacet
  facet normal 0 0 -1
    outer loop
      vertex 1.93 1.08 0.83
      vertex 1.975 1.0933 0.83
      vertex 1.96732 1.08 0.83
    endloop
  endfacet
  facet normal 0 0 -1
    outer loop
      vertex 1.975 1.0933 0.83
      vertex 1.93 1.12 0.83
      vertex 2.07 1.12 0.83
    endloop
  endfacet
  facet normal 0 0 -1
    outer loop
      vertex 1.93 1.12 0.83
      vertex 1.975 1.0933 0.83
      vertex 1.93 1.08 0.83
    endloop
  endfacet
  facet normal 0 0 -1
    outer loop
      vertex 2.025 1.0067 0.0799999
      vertex 2.025 1.0933 0.0799999
      vertex 2.05 1.05 0.0799999
    endloop
  endfacet
  facet normal 0 0 -1
    outer loop
      vertex 1.975 1.0067 0.0799999
      vertex 2.025 1.0933 0.0799999
      vertex 2.025 1.0067 0.0799999
    endloop
  endfacet
  facet normal 0 0 -1
    outer loop
      vertex 1.975 1.0067 0.0799999
      vertex 1.975 1.0933 0.0799999
      vertex 2.025 1.0933 0.0799999
    endloop
  endfacet
  facet normal 0 -0 -1
    outer loop
      vertex 1.975 1.0933 0.0799999
      vertex 1.975 1.0067 0.0799999
      vertex 1.95 1.05 0.0799999
    endloop
  endfacet
  facet normal 1 -0 0
    outer loop
      vertex 2.05 1.05 0.7
      vertex 2.05 1.06 0.2
      vertex 2.05 1.06 0.7
    endloop
  endfacet
  facet normal 1 0 0
    outer loop
      vertex 2.05 1.05 0.7
      vertex 2.05 1.05 0.2
      vertex 2.05 1.06 0.2
    endloop
  endfacet
  facet normal 1 -0 0
    outer loop
      vertex 2.05 1.03 0.7
      vertex 2.05 1.05 0.2
      vertex 2.05 1.05 0.7
    endloop
  endfacet
  facet normal 1 0 0
    outer loop
      vertex 2.05 1.05 0.2
      vertex 2.05 1.03 0.7
      vertex 2.05 1.03 0.2
    endloop
  endfacet
  facet normal -0 0 1
    outer loop
      vertex -2.05 1.06 0.7
      vertex -2.05 1.05 0.7
      vertex -2.04423 1.06 0.7
    endloop
  endfacet
  facet normal 0 0 1
    outer loop
      vertex 2.05 1.06 0.7
      vertex 2.04423 1.06 0.7
      vertex 2.05 1.05 0.7
    endloop
  endfacet
  facet normal 0 0 1
    outer loop
      vertex -2.05 1.05 0.7
      vertex -2.05 1.03 0.7
      vertex -2.03845 1.03 0.7
    endloop
  endfacet
  facet normal 0 0 1
    outer loop
      vertex 2.05 1.05 0.7
      vertex 2.03845 1.03 0.7
      vertex 2.05 1.03 0.7
    endloop
  endfacet
  facet normal 0 0 1
    outer loop
      vertex -1.54423 1.06 0.7
      vertex -1.95 1.05 0.7
      vertex -1.55 1.05 0.7
    endloop
  endfacet
  facet normal 0 -0 1
    outer loop
      vertex -1.95 1.05 0.7
      vertex -1.54423 1.06 0.7
      vertex -1.95577 1.06 0.7
    endloop
  endfacet
  facet normal -0 0 1
    outer loop
      vertex -1.95 1.05 0.7
      vertex -1.53845 1.03 0.7
      vertex -1.55 1.05 0.7
    endloop
  endfacet
  facet normal 0 0 1
    outer loop
      vertex -1.53845 1.03 0.7
      vertex -1.95 1.05 0.7
      vertex -1.96155 1.03 0.7
    endloop
  endfacet
  facet normal 0 0 1
    outer loop
      vertex -1.04423 1.06 0.7
      vertex -1.45 1.05 0.7
      vertex -1.05 1.05 0.7
    endloop
  endfacet
  facet normal 0 -0 1
    outer loop
      vertex -1.45 1.05 0.7
      vertex -1.04423 1.06 0.7
      vertex -1.45577 1.06 0.7
    endloop
  endfacet
  facet normal -0 0 1
    outer loop
      vertex -1.45 1.05 0.7
      vertex -1.03845 1.03 0.7
      vertex -1.05 1.05 0.7
    endloop
  endfacet
  facet normal 0 0 1
    outer loop
      vertex -1.03845 1.03 0.7
      vertex -1.45 1.05 0.7
      vertex -1.46155 1.03 0.7
    endloop
  endfacet
  facet normal 0 0 1
    outer loop
      vertex -0.544226 1.06 0.7
      vertex -0.95 1.05 0.7
      vertex -0.549999 1.05 0.7
    endloop
  endfacet
  facet normal 0 -0 1
    outer loop
      vertex -0.95 1.05 0.7
      vertex -0.544226 1.06 0.7
      vertex -0.955773 1.06 0.7
    endloop
  endfacet
  facet normal -0 0 1
    outer loop
      vertex -0.95 1.05 0.7
      vertex -0.538453 1.03 0.7
      vertex -0.549999 1.05 0.7
    endloop
  endfacet
  facet normal 0 0 1
    outer loop
      vertex -0.538453 1.03 0.7
      vertex -0.95 1.05 0.7
      vertex -0.961547 1.03 0.7
    endloop
  endfacet
  facet normal 0 0 1
    outer loop
      vertex -0.0442257 1.06 0.7
      vertex -0.45 1.05 0.7
      vertex -0.0499992 1.05 0.7
    endloop
  endfacet
  facet normal 0 -0 1
    outer loop
      vertex -0.45 1.05 0.7
      vertex -0.0442257 1.06 0.7
      vertex -0.455773 1.06 0.7
    endloop
  endfacet
  facet normal -0 0 1
    outer loop
      vertex -0.45 1.05 0.7
      vertex -0.0384525 1.03 0.7
      vertex -0.0499992 1.05 0.7
    endloop
  endfacet
  facet normal 0 0 1
    outer loop
      vertex -0.0384525 1.03 0.7
      vertex -0.45 1.05 0.7
      vertex -0.461547 1.03 0.7
    endloop
  endfacet
  facet normal 0 0 1
    outer loop
      vertex 0.455773 1.06 0.7
      vertex 0.0499992 1.05 0.7
      vertex 0.45 1.05 0.7
    endloop
  endfacet
  facet normal 0 -0 1
    outer loop
      vertex 0.0499992 1.05 0.7
      vertex 0.455773 1.06 0.7
      vertex 0.0442257 1.06 0.7
    endloop
  endfacet
  facet normal -0 0 1
    outer loop
      vertex 0.0499992 1.05 0.7
      vertex 0.461547 1.03 0.7
      vertex 0.45 1.05 0.7
    endloop
  endfacet
  facet normal 0 0 1
    outer loop
      vertex 0.461547 1.03 0.7
      vertex 0.0499992 1.05 0.7
      vertex 0.0384525 1.03 0.7
    endloop
  endfacet
  facet normal 0 0 1
    outer loop
      vertex 0.955773 1.06 0.7
      vertex 0.549999 1.05 0.7
      vertex 0.95 1.05 0.7
    endloop
  endfacet
  facet normal 0 -0 1
    outer loop
      vertex 0.549999 1.05 0.7
      vertex 0.955773 1.06 0.7
      vertex 0.544226 1.06 0.7
    endloop
  endfacet
  facet normal -0 0 1
    outer loop
      vertex 0.549999 1.05 0.7
      vertex 0.961547 1.03 0.7
      vertex 0.95 1.05 0.7
    endloop
  endfacet
  facet normal 0 0 1
    outer loop
      vertex 0.961547 1.03 0.7
      vertex 0.549999 1.05 0.7
      vertex 0.538453 1.03 0.7
    endloop
  endfacet
  facet normal 0 0 1
    outer loop
      vertex 1.45577 1.06 0.7
      vertex 1.05 1.05 0.7
      vertex 1.45 1.05 0.7
    endloop
  endfacet
  facet normal 0 -0 1
    outer loop
      vertex 1.05 1.05 0.7
      vertex 1.45577 1.06 0.7
      vertex 1.04423 1.06 0.7
    endloop
  endfacet
  facet normal -0 0 1
    outer loop
      vertex 1.05 1.05 0.7
      vertex 1.46155 1.03 0.7
      vertex 1.45 1.05 0.7
    endloop
  endfacet
  facet normal 0 0 1
    outer loop
      vertex 1.46155 1.03 0.7
      vertex 1.05 1.05 0.7
      vertex 1.03845 1.03 0.7
    endloop
  endfacet
  facet normal 0 0 1
    outer loop
      vertex 1.95577 1.06 0.7
      vertex 1.55 1.05 0.7
      vertex 1.95 1.05 0.7
    endloop
  endfacet
  facet normal 0 -0 1
    outer loop
      vertex 1.55 1.05 0.7
      vertex 1.95577 1.06 0.7
      vertex 1.54423 1.06 0.7
    endloop
  endfacet
  facet normal -0 0 1
    outer loop
      vertex 1.55 1.05 0.7
      vertex 1.96155 1.03 0.7
      vertex 1.95 1.05 0.7
    endloop
  endfacet
  facet normal 0 0 1
    outer loop
      vertex 1.96155 1.03 0.7
      vertex 1.55 1.05 0.7
      vertex 1.53845 1.03 0.7
    endloop
  endfacet
  facet normal 0 0 -1
    outer loop
      vertex 2.05 1.05 0.2
      vertex 2.04423 1.06 0.2
      vertex 2.05 1.06 0.2
    endloop
  endfacet
  facet normal 0 0 -1
    outer loop
      vertex 2.05 1.03 0.2
      vertex 2.03845 1.03 0.2
      vertex 2.05 1.05 0.2
    endloop
  endfacet
  facet normal 0 0 -1
    outer loop
      vertex -2.03845 1.03 0.2
      vertex -2.05 1.03 0.2
      vertex -2.05 1.05 0.2
    endloop
  endfacet
  facet normal -0 0 -1
    outer loop
      vertex -2.04423 1.06 0.2
      vertex -2.05 1.05 0.2
      vertex -2.05 1.06 0.2
    endloop
  endfacet
  facet normal 0 0 -1
    outer loop
      vertex -1.53845 1.03 0.2
      vertex -1.95 1.05 0.2
      vertex -1.55 1.05 0.2
    endloop
  endfacet
  facet normal 0 -0 -1
    outer loop
      vertex -1.95 1.05 0.2
      vertex -1.53845 1.03 0.2
      vertex -1.96155 1.03 0.2
    endloop
  endfacet
  facet normal 0 0 -1
    outer loop
      vertex -1.95 1.05 0.2
      vertex -1.54423 1.06 0.2
      vertex -1.55 1.05 0.2
    endloop
  endfacet
  facet normal -0 0 -1
    outer loop
      vertex -1.54423 1.06 0.2
      vertex -1.95 1.05 0.2
      vertex -1.95577 1.06 0.2
    endloop
  endfacet
  facet normal 0 0 -1
    outer loop
      vertex -1.03845 1.03 0.2
      vertex -1.45 1.05 0.2
      vertex -1.05 1.05 0.2
    endloop
  endfacet
  facet normal 0 -0 -1
    outer loop
      vertex -1.45 1.05 0.2
      vertex -1.03845 1.03 0.2
      vertex -1.46155 1.03 0.2
    endloop
  endfacet
  facet normal 0 0 -1
    outer loop
      vertex -1.45 1.05 0.2
      vertex -1.04423 1.06 0.2
      vertex -1.05 1.05 0.2
    endloop
  endfacet
  facet normal -0 0 -1
    outer loop
      vertex -1.04423 1.06 0.2
      vertex -1.45 1.05 0.2
      vertex -1.45577 1.06 0.2
    endloop
  endfacet
  facet normal 0 0 -1
    outer loop
      vertex -0.538453 1.03 0.2
      vertex -0.95 1.05 0.2
      vertex -0.549999 1.05 0.2
    endloop
  endfacet
  facet normal 0 -0 -1
    outer loop
      vertex -0.95 1.05 0.2
      vertex -0.538453 1.03 0.2
      vertex -0.961547 1.03 0.2
    endloop
  endfacet
  facet normal 0 0 -1
    outer loop
      vertex -0.95 1.05 0.2
      vertex -0.544226 1.06 0.2
      vertex -0.549999 1.05 0.2
    endloop
  endfacet
  facet normal -0 0 -1
    outer loop
      vertex -0.544226 1.06 0.2
      vertex -0.95 1.05 0.2
      vertex -0.955773 1.06 0.2
    endloop
  endfacet
  facet normal 0 0 -1
    outer loop
      vertex -0.0384525 1.03 0.2
      vertex -0.45 1.05 0.2
      vertex -0.0499992 1.05 0.2
    endloop
  endfacet
  facet normal 0 -0 -1
    outer loop
      vertex -0.45 1.05 0.2
      vertex -0.0384525 1.03 0.2
      vertex -0.461547 1.03 0.2
    endloop
  endfacet
  facet normal 0 0 -1
    outer loop
      vertex -0.45 1.05 0.2
      vertex -0.0442257 1.06 0.2
      vertex -0.0499992 1.05 0.2
    endloop
  endfacet
  facet normal -0 0 -1
    outer loop
      vertex -0.0442257 1.06 0.2
      vertex -0.45 1.05 0.2
      vertex -0.455773 1.06 0.2
    endloop
  endfacet
  facet normal 0 0 -1
    outer loop
      vertex 0.461547 1.03 0.2
      vertex 0.0499992 1.05 0.2
      vertex 0.45 1.05 0.2
    endloop
  endfacet
  facet normal 0 -0 -1
    outer loop
      vertex 0.0499992 1.05 0.2
      vertex 0.461547 1.03 0.2
      vertex 0.0384525 1.03 0.2
    endloop
  endfacet
  facet normal 0 0 -1
    outer loop
      vertex 0.0499992 1.05 0.2
      vertex 0.455773 1.06 0.2
      vertex 0.45 1.05 0.2
    endloop
  endfacet
  facet normal -0 0 -1
    outer loop
      vertex 0.455773 1.06 0.2
      vertex 0.0499992 1.05 0.2
      vertex 0.0442257 1.06 0.2
    endloop
  endfacet
  facet normal 0 0 -1
    outer loop
      vertex 0.961547 1.03 0.2
      vertex 0.549999 1.05 0.2
      vertex 0.95 1.05 0.2
    endloop
  endfacet
  facet normal 0 -0 -1
    outer loop
      vertex 0.549999 1.05 0.2
      vertex 0.961547 1.03 0.2
      vertex 0.538453 1.03 0.2
    endloop
  endfacet
  facet normal 0 0 -1
    outer loop
      vertex 0.549999 1.05 0.2
      vertex 0.955773 1.06 0.2
      vertex 0.95 1.05 0.2
    endloop
  endfacet
  facet normal -0 0 -1
    outer loop
      vertex 0.955773 1.06 0.2
      vertex 0.549999 1.05 0.2
      vertex 0.544226 1.06 0.2
    endloop
  endfacet
  facet normal 0 0 -1
    outer loop
      vertex 1.46155 1.03 0.2
      vertex 1.05 1.05 0.2
      vertex 1.45 1.05 0.2
    endloop
  endfacet
  facet normal 0 -0 -1
    outer loop
      vertex 1.05 1.05 0.2
      vertex 1.46155 1.03 0.2
      vertex 1.03845 1.03 0.2
    endloop
  endfacet
  facet normal 0 0 -1
    outer loop
      vertex 1.05 1.05 0.2
      vertex 1.45577 1.06 0.2
      vertex 1.45 1.05 0.2
    endloop
  endfacet
  facet normal -0 0 -1
    outer loop
      vertex 1.45577 1.06 0.2
      vertex 1.05 1.05 0.2
      vertex 1.04423 1.06 0.2
    endloop
  endfacet
  facet normal 0 0 -1
    outer loop
      vertex 1.96155 1.03 0.2
      vertex 1.55 1.05 0.2
      vertex 1.95 1.05 0.2
    endloop
  endfacet
  facet normal 0 -0 -1
    outer loop
      vertex 1.55 1.05 0.2
      vertex 1.96155 1.03 0.2
      vertex 1.53845 1.03 0.2
    endloop
  endfacet
  facet normal 0 0 -1
    outer loop
      vertex 1.55 1.05 0.2
      vertex 1.95577 1.06 0.2
      vertex 1.95 1.05 0.2
    endloop
  endfacet
  facet normal -0 0 -1
    outer loop
      vertex 1.95577 1.06 0.2
      vertex 1.55 1.05 0.2
      vertex 1.54423 1.06 0.2
    endloop
  endfacet
  facet normal -1 0 0
    outer loop
      vertex -2.05 1.05 0.2
      vertex -2.05 1.06 0.7
      vertex -2.05 1.06 0.2
    endloop
  endfacet
  facet normal -1 0 0
    outer loop
      vertex -2.05 1.05 0.2
      vertex -2.05 1.05 0.7
      vertex -2.05 1.06 0.7
    endloop
  endfacet
  facet normal -1 0 0
    outer loop
      vertex -2.05 1.03 0.2
      vertex -2.05 1.05 0.7
      vertex -2.05 1.05 0.2
    endloop
  endfacet
  facet normal -1 -0 0
    outer loop
      vertex -2.05 1.05 0.7
      vertex -2.05 1.03 0.2
      vertex -2.05 1.03 0.7
    endloop
  endfacet
  facet normal 0 1 -0
    outer loop
      vertex -2.04423 1.06 0.2
      vertex -2.05 1.06 0.7
      vertex -2.04423 1.06 0.7
    endloop
  endfacet
  facet normal 0 1 0
    outer loop
      vertex -2.05 1.06 0.7
      vertex -2.04423 1.06 0.2
      vertex -2.05 1.06 0.2
    endloop
  endfacet
  facet normal 0 1 -0
    outer loop
      vertex 2.05 1.06 0.2
      vertex 2.04423 1.06 0.7
      vertex 2.05 1.06 0.7
    endloop
  endfacet
  facet normal 0 1 0
    outer loop
      vertex 2.04423 1.06 0.7
      vertex 2.05 1.06 0.2
      vertex 2.04423 1.06 0.2
    endloop
  endfacet
  facet normal 0 1 -0
    outer loop
      vertex -1.54423 1.06 0.2
      vertex -1.95577 1.06 0.7
      vertex -1.54423 1.06 0.7
    endloop
  endfacet
  facet normal 0 1 0
    outer loop
      vertex -1.95577 1.06 0.7
      vertex -1.54423 1.06 0.2
      vertex -1.95577 1.06 0.2
    endloop
  endfacet
  facet normal 0 1 -0
    outer loop
      vertex -1.04423 1.06 0.2
      vertex -1.45577 1.06 0.7
      vertex -1.04423 1.06 0.7
    endloop
  endfacet
  facet normal 0 1 0
    outer loop
      vertex -1.45577 1.06 0.7
      vertex -1.04423 1.06 0.2
      vertex -1.45577 1.06 0.2
    endloop
  endfacet
  facet normal 0 1 -0
    outer loop
      vertex -0.544226 1.06 0.2
      vertex -0.955773 1.06 0.7
      vertex -0.544226 1.06 0.7
    endloop
  endfacet
  facet normal 0 1 0
    outer loop
      vertex -0.955773 1.06 0.7
      vertex -0.544226 1.06 0.2
      vertex -0.955773 1.06 0.2
    endloop
  endfacet
  facet normal 0 1 -0
    outer loop
      vertex -0.0442257 1.06 0.2
      vertex -0.455773 1.06 0.7
      vertex -0.0442257 1.06 0.7
    endloop
  endfacet
  facet normal 0 1 0
    outer loop
      vertex -0.455773 1.06 0.7
      vertex -0.0442257 1.06 0.2
      vertex -0.455773 1.06 0.2
    endloop
  endfacet
  facet normal 0 1 -0
    outer loop
      vertex 0.455773 1.06 0.2
      vertex 0.0442257 1.06 0.7
      vertex 0.455773 1.06 0.7
    endloop
  endfacet
  facet normal 0 1 0
    outer loop
      vertex 0.0442257 1.06 0.7
      vertex 0.455773 1.06 0.2
      vertex 0.0442257 1.06 0.2
    endloop
  endfacet
  facet normal 0 1 -0
    outer loop
      vertex 0.955773 1.06 0.2
      vertex 0.544226 1.06 0.7
      vertex 0.955773 1.06 0.7
    endloop
  endfacet
  facet normal 0 1 0
    outer loop
      vertex 0.544226 1.06 0.7
      vertex 0.955773 1.06 0.2
      vertex 0.544226 1.06 0.2
    endloop
  endfacet
  facet normal 0 1 -0
    outer loop
      vertex 1.45577 1.06 0.2
      vertex 1.04423 1.06 0.7
      vertex 1.45577 1.06 0.7
    endloop
  endfacet
  facet normal 0 1 0
    outer loop
      vertex 1.04423 1.06 0.7
      vertex 1.45577 1.06 0.2
      vertex 1.04423 1.06 0.2
    endloop
  endfacet
  facet normal 0 1 -0
    outer loop
      vertex 1.95577 1.06 0.2
      vertex 1.54423 1.06 0.7
      vertex 1.95577 1.06 0.7
    endloop
  endfacet
  facet normal 0 1 0
    outer loop
      vertex 1.54423 1.06 0.7
      vertex 1.95577 1.06 0.2
      vertex 1.54423 1.06 0.2
    endloop
  endfacet
  facet normal 0 -1 0
    outer loop
      vertex -2.05 1.03 0.2
      vertex -2.03845 1.03 0.7
      vertex -2.05 1.03 0.7
    endloop
  endfacet
  facet normal 0 -1 -0
    outer loop
      vertex -2.03845 1.03 0.7
      vertex -2.05 1.03 0.2
      vertex -2.03845 1.03 0.2
    endloop
  endfacet
  facet normal 0 -1 0
    outer loop
      vertex 2.03845 1.03 0.2
      vertex 2.05 1.03 0.7
      vertex 2.03845 1.03 0.7
    endloop
  endfacet
  facet normal 0 -1 -0
    outer loop
      vertex 2.05 1.03 0.7
      vertex 2.03845 1.03 0.2
      vertex 2.05 1.03 0.2
    endloop
  endfacet
  facet normal 0 -1 0
    outer loop
      vertex -1.96155 1.03 0.2
      vertex -1.53845 1.03 0.7
      vertex -1.96155 1.03 0.7
    endloop
  endfacet
  facet normal 0 -1 -0
    outer loop
      vertex -1.53845 1.03 0.7
      vertex -1.96155 1.03 0.2
      vertex -1.53845 1.03 0.2
    endloop
  endfacet
  facet normal 0 -1 0
    outer loop
      vertex -1.46155 1.03 0.2
      vertex -1.03845 1.03 0.7
      vertex -1.46155 1.03 0.7
    endloop
  endfacet
  facet normal 0 -1 -0
    outer loop
      vertex -1.03845 1.03 0.7
      vertex -1.46155 1.03 0.2
      vertex -1.03845 1.03 0.2
    endloop
  endfacet
  facet normal 0 -1 0
    outer loop
      vertex -0.961547 1.03 0.2
      vertex -0.538453 1.03 0.7
      vertex -0.961547 1.03 0.7
    endloop
  endfacet
  facet normal 0 -1 -0
    outer loop
      vertex -0.538453 1.03 0.7
      vertex -0.961547 1.03 0.2
      vertex -0.538453 1.03 0.2
    endloop
  endfacet
  facet normal 0 -1 0
    outer loop
      vertex -0.461547 1.03 0.2
      vertex -0.0384525 1.03 0.7
      vertex -0.461547 1.03 0.7
    endloop
  endfacet
  facet normal 0 -1 -0
    outer loop
      vertex -0.0384525 1.03 0.7
      vertex -0.461547 1.03 0.2
      vertex -0.0384525 1.03 0.2
    endloop
  endfacet
  facet normal 0 -1 0
    outer loop
      vertex 0.0384525 1.03 0.2
      vertex 0.461547 1.03 0.7
      vertex 0.0384525 1.03 0.7
    endloop
  endfacet
  facet normal 0 -1 -0
    outer loop
      vertex 0.461547 1.03 0.7
      vertex 0.0384525 1.03 0.2
      vertex 0.461547 1.03 0.2
    endloop
  endfacet
  facet normal 0 -1 0
    outer loop
      vertex 0.538453 1.03 0.2
      vertex 0.961547 1.03 0.7
      vertex 0.538453 1.03 0.7
    endloop
  endfacet
  facet normal 0 -1 -0
    outer loop
      vertex 0.961547 1.03 0.7
      vertex 0.538453 1.03 0.2
      vertex 0.961547 1.03 0.2
    endloop
  endfacet
  facet normal 0 -1 0
    outer loop
      vertex 1.03845 1.03 0.2
      vertex 1.46155 1.03 0.7
      vertex 1.03845 1.03 0.7
    endloop
  endfacet
  facet normal 0 -1 -0
    outer loop
      vertex 1.46155 1.03 0.7
      vertex 1.03845 1.03 0.2
      vertex 1.46155 1.03 0.2
    endloop
  endfacet
  facet normal 0 -1 0
    outer loop
      vertex 1.53845 1.03 0.2
      vertex 1.96155 1.03 0.7
      vertex 1.53845 1.03 0.7
    endloop
  endfacet
  facet normal 0 -1 -0
    outer loop
      vertex 1.96155 1.03 0.7
      vertex 1.53845 1.03 0.2
      vertex 1.96155 1.03 0.2
    endloop
  endfacet
  facet normal 1 0 0
    outer loop
      vertex 2.05 1.08 0.83
      vertex 2.05 1.05 0.78
      vertex 2.05 1.08 0.78
    endloop
  endfacet
  facet normal 1 -0 0
    outer loop
      vertex 2.05 1.02 0.83
      vertex 2.05 1.05 0.78
      vertex 2.05 1.08 0.83
    endloop
  endfacet
  facet normal 1 0 0
    outer loop
      vertex 2.05 1.05 0.78
      vertex 2.05 1.02 0.83
      vertex 2.05 1.02 0.78
    endloop
  endfacet
  facet normal -0 0 1
    outer loop
      vertex -1.93 1.08 0.839999
      vertex 1.93 1.02 0.839999
      vertex 1.93 1.08 0.839999
    endloop
  endfacet
  facet normal 0 0 1
    outer loop
      vertex 1.93 1.02 0.839999
      vertex -1.93 1.08 0.839999
      vertex -1.93 1.02 0.839999
    endloop
  endfacet
  facet normal 0 0 -1
    outer loop
      vertex 2.05 1.05 0.78
      vertex 2.03268 1.08 0.78
      vertex 2.05 1.08 0.78
    endloop
  endfacet
  facet normal 0 0 -1
    outer loop
      vertex 2.05 1.02 0.78
      vertex 2.03268 1.02 0.78
      vertex 2.05 1.05 0.78
    endloop
  endfacet
  facet normal 0 0 -1
    outer loop
      vertex -2.03268 1.02 0.78
      vertex -2.05 1.02 0.78
      vertex -2.05 1.05 0.78
    endloop
  endfacet
  facet normal -0 0 -1
    outer loop
      vertex -2.03268 1.08 0.78
      vertex -2.05 1.05 0.78
      vertex -2.05 1.08 0.78
    endloop
  endfacet
  facet normal 0 0 -1
    outer loop
      vertex -1.53268 1.02 0.78
      vertex -1.95 1.05 0.78
      vertex -1.55 1.05 0.78
    endloop
  endfacet
  facet normal 0 -0 -1
    outer loop
      vertex -1.95 1.05 0.78
      vertex -1.53268 1.02 0.78
      vertex -1.96732 1.02 0.78
    endloop
  endfacet
  facet normal 0 0 -1
    outer loop
      vertex -1.95 1.05 0.78
      vertex -1.53268 1.08 0.78
      vertex -1.55 1.05 0.78
    endloop
  endfacet
  facet normal -0 0 -1
    outer loop
      vertex -1.53268 1.08 0.78
      vertex -1.95 1.05 0.78
      vertex -1.96732 1.08 0.78
    endloop
  endfacet
  facet normal 0 0 -1
    outer loop
      vertex -1.03268 1.02 0.78
      vertex -1.45 1.05 0.78
      vertex -1.05 1.05 0.78
    endloop
  endfacet
  facet normal 0 -0 -1
    outer loop
      vertex -1.45 1.05 0.78
      vertex -1.03268 1.02 0.78
      vertex -1.46732 1.02 0.78
    endloop
  endfacet
  facet normal 0 0 -1
    outer loop
      vertex -1.45 1.05 0.78
      vertex -1.03268 1.08 0.78
      vertex -1.05 1.05 0.78
    endloop
  endfacet
  facet normal -0 0 -1
    outer loop
      vertex -1.03268 1.08 0.78
      vertex -1.45 1.05 0.78
      vertex -1.46732 1.08 0.78
    endloop
  endfacet
  facet normal 0 0 -1
    outer loop
      vertex -0.532679 1.02 0.78
      vertex -0.95 1.05 0.78
      vertex -0.549999 1.05 0.78
    endloop
  endfacet
  facet normal 0 -0 -1
    outer loop
      vertex -0.95 1.05 0.78
      vertex -0.532679 1.02 0.78
      vertex -0.96732 1.02 0.78
    endloop
  endfacet
  facet normal 0 0 -1
    outer loop
      vertex -0.95 1.05 0.78
      vertex -0.532679 1.08 0.78
      vertex -0.549999 1.05 0.78
    endloop
  endfacet
  facet normal -0 0 -1
    outer loop
      vertex -0.532679 1.08 0.78
      vertex -0.95 1.05 0.78
      vertex -0.96732 1.08 0.78
    endloop
  endfacet
  facet normal 0 0 -1
    outer loop
      vertex -0.0326789 1.02 0.78
      vertex -0.45 1.05 0.78
      vertex -0.0499992 1.05 0.78
    endloop
  endfacet
  facet normal 0 -0 -1
    outer loop
      vertex -0.45 1.05 0.78
      vertex -0.0326789 1.02 0.78
      vertex -0.46732 1.02 0.78
    endloop
  endfacet
  facet normal 0 0 -1
    outer loop
      vertex -0.45 1.05 0.78
      vertex -0.0326787 1.08 0.78
      vertex -0.0499992 1.05 0.78
    endloop
  endfacet
  facet normal -0 0 -1
    outer loop
      vertex -0.0326787 1.08 0.78
      vertex -0.45 1.05 0.78
      vertex -0.46732 1.08 0.78
    endloop
  endfacet
  facet normal 0 0 -1
    outer loop
      vertex 0.46732 1.02 0.78
      vertex 0.0499992 1.05 0.78
      vertex 0.45 1.05 0.78
    endloop
  endfacet
  facet normal 0 -0 -1
    outer loop
      vertex 0.0499992 1.05 0.78
      vertex 0.46732 1.02 0.78
      vertex 0.0326789 1.02 0.78
    endloop
  endfacet
  facet normal 0 0 -1
    outer loop
      vertex 0.0499992 1.05 0.78
      vertex 0.46732 1.08 0.78
      vertex 0.45 1.05 0.78
    endloop
  endfacet
  facet normal -0 0 -1
    outer loop
      vertex 0.46732 1.08 0.78
      vertex 0.0499992 1.05 0.78
      vertex 0.0326787 1.08 0.78
    endloop
  endfacet
  facet normal 0 0 -1
    outer loop
      vertex 0.96732 1.02 0.78
      vertex 0.549999 1.05 0.78
      vertex 0.95 1.05 0.78
    endloop
  endfacet
  facet normal 0 -0 -1
    outer loop
      vertex 0.549999 1.05 0.78
      vertex 0.96732 1.02 0.78
      vertex 0.532679 1.02 0.78
    endloop
  endfacet
  facet normal 0 0 -1
    outer loop
      vertex 0.549999 1.05 0.78
      vertex 0.96732 1.08 0.78
      vertex 0.95 1.05 0.78
    endloop
  endfacet
  facet normal -0 0 -1
    outer loop
      vertex 0.96732 1.08 0.78
      vertex 0.549999 1.05 0.78
      vertex 0.532679 1.08 0.78
    endloop
  endfacet
  facet normal 0 0 -1
    outer loop
      vertex 1.46732 1.02 0.78
      vertex 1.05 1.05 0.78
      vertex 1.45 1.05 0.78
    endloop
  endfacet
  facet normal 0 -0 -1
    outer loop
      vertex 1.05 1.05 0.78
      vertex 1.46732 1.02 0.78
      vertex 1.03268 1.02 0.78
    endloop
  endfacet
  facet normal 0 0 -1
    outer loop
      vertex 1.05 1.05 0.78
      vertex 1.46732 1.08 0.78
      vertex 1.45 1.05 0.78
    endloop
  endfacet
  facet normal -0 0 -1
    outer loop
      vertex 1.46732 1.08 0.78
      vertex 1.05 1.05 0.78
      vertex 1.03268 1.08 0.78
    endloop
  endfacet
  facet normal 0 0 -1
    outer loop
      vertex 1.96732 1.02 0.78
      vertex 1.55 1.05 0.78
      vertex 1.95 1.05 0.78
    endloop
  endfacet
  facet normal 0 -0 -1
    outer loop
      vertex 1.55 1.05 0.78
      vertex 1.96732 1.02 0.78
      vertex 1.53268 1.02 0.78
    endloop
  endfacet
  facet normal 0 0 -1
    outer loop
      vertex 1.55 1.05 0.78
      vertex 1.96732 1.08 0.78
      vertex 1.95 1.05 0.78
    endloop
  endfacet
  facet normal -0 0 -1
    outer loop
      vertex 1.96732 1.08 0.78
      vertex 1.55 1.05 0.78
      vertex 1.53268 1.08 0.78
    endloop
  endfacet
  facet normal -1 0 0
    outer loop
      vertex -2.05 1.05 0.78
      vertex -2.05 1.08 0.83
      vertex -2.05 1.08 0.78
    endloop
  endfacet
  facet normal -1 0 0
    outer loop
      vertex -2.05 1.02 0.83
      vertex -2.05 1.05 0.78
      vertex -2.05 1.02 0.78
    endloop
  endfacet
  facet normal -1 0 0
    outer loop
      vertex -2.05 1.05 0.78
      vertex -2.05 1.02 0.83
      vertex -2.05 1.08 0.83
    endloop
  endfacet
  facet normal 0 1 -0
    outer loop
      vertex 2.05 1.08 0.78
      vertex 2.03268 1.08 0.83
      vertex 2.05 1.08 0.83
    endloop
  endfacet
  facet normal 0 1 0
    outer loop
      vertex 2.03268 1.08 0.83
      vertex 2.05 1.08 0.78
      vertex 2.03268 1.08 0.78
    endloop
  endfacet
  facet normal 0 1 -0
    outer loop
      vertex -2.03268 1.08 0.78
      vertex -2.05 1.08 0.83
      vertex -2.03268 1.08 0.83
    endloop
  endfacet
  facet normal 0 1 0
    outer loop
      vertex -2.05 1.08 0.83
      vertex -2.03268 1.08 0.78
      vertex -2.05 1.08 0.78
    endloop
  endfacet
  facet normal 0 1 -0
    outer loop
      vertex -1.03268 1.08 0.78
      vertex -1.46732 1.08 0.83
      vertex -1.03268 1.08 0.83
    endloop
  endfacet
  facet normal 0 1 0
    outer loop
      vertex -1.46732 1.08 0.83
      vertex -1.03268 1.08 0.78
      vertex -1.46732 1.08 0.78
    endloop
  endfacet
  facet normal 0 1 -0
    outer loop
      vertex -0.532679 1.08 0.78
      vertex -0.96732 1.08 0.83
      vertex -0.532679 1.08 0.83
    endloop
  endfacet
  facet normal 0 1 0
    outer loop
      vertex -0.96732 1.08 0.83
      vertex -0.532679 1.08 0.78
      vertex -0.96732 1.08 0.78
    endloop
  endfacet
  facet normal 0 1 -0
    outer loop
      vertex -0.0326787 1.08 0.78
      vertex -0.46732 1.08 0.83
      vertex -0.0326787 1.08 0.83
    endloop
  endfacet
  facet normal 0 1 0
    outer loop
      vertex -0.46732 1.08 0.83
      vertex -0.0326787 1.08 0.78
      vertex -0.46732 1.08 0.78
    endloop
  endfacet
  facet normal 0 1 -0
    outer loop
      vertex 0.46732 1.08 0.78
      vertex 0.0326787 1.08 0.83
      vertex 0.46732 1.08 0.83
    endloop
  endfacet
  facet normal 0 1 0
    outer loop
      vertex 0.0326787 1.08 0.83
      vertex 0.46732 1.08 0.78
      vertex 0.0326787 1.08 0.78
    endloop
  endfacet
  facet normal 0 1 -0
    outer loop
      vertex 0.96732 1.08 0.78
      vertex 0.532679 1.08 0.83
      vertex 0.96732 1.08 0.83
    endloop
  endfacet
  facet normal 0 1 0
    outer loop
      vertex 0.532679 1.08 0.83
      vertex 0.96732 1.08 0.78
      vertex 0.532679 1.08 0.78
    endloop
  endfacet
  facet normal 0 1 -0
    outer loop
      vertex 1.46732 1.08 0.78
      vertex 1.03268 1.08 0.83
      vertex 1.46732 1.08 0.83
    endloop
  endfacet
  facet normal 0 1 0
    outer loop
      vertex 1.03268 1.08 0.83
      vertex 1.46732 1.08 0.78
      vertex 1.03268 1.08 0.78
    endloop
  endfacet
  facet normal 0 1 0
    outer loop
      vertex 1.53268 1.08 0.83
      vertex 1.93 1.08 0.839999
      vertex 1.93 1.08 0.83
    endloop
  endfacet
  facet normal 0 1 0
    outer loop
      vertex 1.46732 1.08 0.83
      vertex 1.93 1.08 0.839999
      vertex 1.53268 1.08 0.83
    endloop
  endfacet
  facet normal 0 1 0
    outer loop
      vertex 1.03268 1.08 0.83
      vertex 1.93 1.08 0.839999
      vertex 1.46732 1.08 0.83
    endloop
  endfacet
  facet normal 0 1 0
    outer loop
      vertex 1.93 1.08 0.839999
      vertex 1.03268 1.08 0.83
      vertex -1.93 1.08 0.839999
    endloop
  endfacet
  facet normal 0 1 -0
    outer loop
      vertex 0.96732 1.08 0.83
      vertex -1.93 1.08 0.839999
      vertex 1.03268 1.08 0.83
    endloop
  endfacet
  facet normal 0 1 -0
    outer loop
      vertex 0.532679 1.08 0.83
      vertex -1.93 1.08 0.839999
      vertex 0.96732 1.08 0.83
    endloop
  endfacet
  facet normal 0 1 -0
    outer loop
      vertex 0.46732 1.08 0.83
      vertex -1.93 1.08 0.839999
      vertex 0.532679 1.08 0.83
    endloop
  endfacet
  facet normal 0 1 -0
    outer loop
      vertex 0.0326787 1.08 0.83
      vertex -1.93 1.08 0.839999
      vertex 0.46732 1.08 0.83
    endloop
  endfacet
  facet normal 0 1 -0
    outer loop
      vertex -0.0326787 1.08 0.83
      vertex -1.93 1.08 0.839999
      vertex 0.0326787 1.08 0.83
    endloop
  endfacet
  facet normal 0 1 -0
    outer loop
      vertex -0.46732 1.08 0.83
      vertex -1.93 1.08 0.839999
      vertex -0.0326787 1.08 0.83
    endloop
  endfacet
  facet normal 0 1 -0
    outer loop
      vertex -0.532679 1.08 0.83
      vertex -1.93 1.08 0.839999
      vertex -0.46732 1.08 0.83
    endloop
  endfacet
  facet normal 0 1 -0
    outer loop
      vertex -0.96732 1.08 0.83
      vertex -1.93 1.08 0.839999
      vertex -0.532679 1.08 0.83
    endloop
  endfacet
  facet normal 0 1 -0
    outer loop
      vertex -1.03268 1.08 0.83
      vertex -1.93 1.08 0.839999
      vertex -0.96732 1.08 0.83
    endloop
  endfacet
  facet normal 0 1 -0
    outer loop
      vertex -1.46732 1.08 0.83
      vertex -1.93 1.08 0.839999
      vertex -1.03268 1.08 0.83
    endloop
  endfacet
  facet normal 0 1 -0
    outer loop
      vertex -1.53268 1.08 0.83
      vertex -1.93 1.08 0.839999
      vertex -1.46732 1.08 0.83
    endloop
  endfacet
  facet normal 0 1 0
    outer loop
      vertex -1.53268 1.08 0.83
      vertex -1.93 1.08 0.83
      vertex -1.93 1.08 0.839999
    endloop
  endfacet
  facet normal 0 1 -0
    outer loop
      vertex -1.53268 1.08 0.78
      vertex -1.93 1.08 0.83
      vertex -1.53268 1.08 0.83
    endloop
  endfacet
  facet normal 0 1 0
    outer loop
      vertex -1.96732 1.08 0.78
      vertex -1.93 1.08 0.83
      vertex -1.53268 1.08 0.78
    endloop
  endfacet
  facet normal 0 1 0
    outer loop
      vertex -1.93 1.08 0.83
      vertex -1.96732 1.08 0.78
      vertex -1.96732 1.08 0.83
    endloop
  endfacet
  facet normal 0 1 -0
    outer loop
      vertex 1.96732 1.08 0.78
      vertex 1.93 1.08 0.83
      vertex 1.96732 1.08 0.83
    endloop
  endfacet
  facet normal 0 1 0
    outer loop
      vertex 1.53268 1.08 0.78
      vertex 1.93 1.08 0.83
      vertex 1.96732 1.08 0.78
    endloop
  endfacet
  facet normal 0 1 0
    outer loop
      vertex 1.93 1.08 0.83
      vertex 1.53268 1.08 0.78
      vertex 1.53268 1.08 0.83
    endloop
  endfacet
  facet normal 0 -1 0
    outer loop
      vertex 2.03268 1.02 0.78
      vertex 2.05 1.02 0.83
      vertex 2.03268 1.02 0.83
    endloop
  endfacet
  facet normal 0 -1 -0
    outer loop
      vertex 2.05 1.02 0.83
      vertex 2.03268 1.02 0.78
      vertex 2.05 1.02 0.78
    endloop
  endfacet
  facet normal 0 -1 0
    outer loop
      vertex -2.05 1.02 0.78
      vertex -2.03268 1.02 0.83
      vertex -2.05 1.02 0.83
    endloop
  endfacet
  facet normal 0 -1 -0
    outer loop
      vertex -2.03268 1.02 0.83
      vertex -2.05 1.02 0.78
      vertex -2.03268 1.02 0.78
    endloop
  endfacet
  facet normal 0 -1 0
    outer loop
      vertex 1.03268 1.02 0.78
      vertex 1.46732 1.02 0.83
      vertex 1.03268 1.02 0.83
    endloop
  endfacet
  facet normal 0 -1 -0
    outer loop
      vertex 1.46732 1.02 0.83
      vertex 1.03268 1.02 0.78
      vertex 1.46732 1.02 0.78
    endloop
  endfacet
  facet normal 0 -1 0
    outer loop
      vertex 0.532679 1.02 0.78
      vertex 0.96732 1.02 0.83
      vertex 0.532679 1.02 0.83
    endloop
  endfacet
  facet normal 0 -1 -0
    outer loop
      vertex 0.96732 1.02 0.83
      vertex 0.532679 1.02 0.78
      vertex 0.96732 1.02 0.78
    endloop
  endfacet
  facet normal 0 -1 0
    outer loop
      vertex 0.0326789 1.02 0.78
      vertex 0.46732 1.02 0.83
      vertex 0.0326789 1.02 0.83
    endloop
  endfacet
  facet normal 0 -1 -0
    outer loop
      vertex 0.46732 1.02 0.83
      vertex 0.0326789 1.02 0.78
      vertex 0.46732 1.02 0.78
    endloop
  endfacet
  facet normal 0 -1 0
    outer loop
      vertex -0.46732 1.02 0.78
      vertex -0.0326789 1.02 0.83
      vertex -0.46732 1.02 0.83
    endloop
  endfacet
  facet normal 0 -1 -0
    outer loop
      vertex -0.0326789 1.02 0.83
      vertex -0.46732 1.02 0.78
      vertex -0.0326789 1.02 0.78
    endloop
  endfacet
  facet normal 0 -1 0
    outer loop
      vertex -0.96732 1.02 0.78
      vertex -0.532679 1.02 0.83
      vertex -0.96732 1.02 0.83
    endloop
  endfacet
  facet normal 0 -1 -0
    outer loop
      vertex -0.532679 1.02 0.83
      vertex -0.96732 1.02 0.78
      vertex -0.532679 1.02 0.78
    endloop
  endfacet
  facet normal 0 -1 0
    outer loop
      vertex -1.46732 1.02 0.78
      vertex -1.03268 1.02 0.83
      vertex -1.46732 1.02 0.83
    endloop
  endfacet
  facet normal 0 -1 -0
    outer loop
      vertex -1.03268 1.02 0.83
      vertex -1.46732 1.02 0.78
      vertex -1.03268 1.02 0.78
    endloop
  endfacet
  facet normal 0 -1 0
    outer loop
      vertex -1.53268 1.02 0.83
      vertex -1.93 1.02 0.839999
      vertex -1.93 1.02 0.83
    endloop
  endfacet
  facet normal 0 -1 0
    outer loop
      vertex -1.46732 1.02 0.83
      vertex -1.93 1.02 0.839999
      vertex -1.53268 1.02 0.83
    endloop
  endfacet
  facet normal 0 -1 0
    outer loop
      vertex -1.03268 1.02 0.83
      vertex -1.93 1.02 0.839999
      vertex -1.46732 1.02 0.83
    endloop
  endfacet
  facet normal 0 -1 0
    outer loop
      vertex -1.93 1.02 0.839999
      vertex -1.03268 1.02 0.83
      vertex 1.93 1.02 0.839999
    endloop
  endfacet
  facet normal 0 -1 0
    outer loop
      vertex -0.96732 1.02 0.83
      vertex 1.93 1.02 0.839999
      vertex -1.03268 1.02 0.83
    endloop
  endfacet
  facet normal 0 -1 0
    outer loop
      vertex -0.532679 1.02 0.83
      vertex 1.93 1.02 0.839999
      vertex -0.96732 1.02 0.83
    endloop
  endfacet
  facet normal 0 -1 0
    outer loop
      vertex -0.46732 1.02 0.83
      vertex 1.93 1.02 0.839999
      vertex -0.532679 1.02 0.83
    endloop
  endfacet
  facet normal 0 -1 0
    outer loop
      vertex -0.0326789 1.02 0.83
      vertex 1.93 1.02 0.839999
      vertex -0.46732 1.02 0.83
    endloop
  endfacet
  facet normal 0 -1 0
    outer loop
      vertex 0.0326789 1.02 0.83
      vertex 1.93 1.02 0.839999
      vertex -0.0326789 1.02 0.83
    endloop
  endfacet
  facet normal 0 -1 0
    outer loop
      vertex 0.46732 1.02 0.83
      vertex 1.93 1.02 0.839999
      vertex 0.0326789 1.02 0.83
    endloop
  endfacet
  facet normal 0 -1 0
    outer loop
      vertex 0.532679 1.02 0.83
      vertex 1.93 1.02 0.839999
      vertex 0.46732 1.02 0.83
    endloop
  endfacet
  facet normal 0 -1 0
    outer loop
      vertex 0.96732 1.02 0.83
      vertex 1.93 1.02 0.839999
      vertex 0.532679 1.02 0.83
    endloop
  endfacet
  facet normal 0 -1 0
    outer loop
      vertex 1.03268 1.02 0.83
      vertex 1.93 1.02 0.839999
      vertex 0.96732 1.02 0.83
    endloop
  endfacet
  facet normal 0 -1 0
    outer loop
      vertex 1.46732 1.02 0.83
      vertex 1.93 1.02 0.839999
      vertex 1.03268 1.02 0.83
    endloop
  endfacet
  facet normal 0 -1 0
    outer loop
      vertex 1.53268 1.02 0.83
      vertex 1.93 1.02 0.839999
      vertex 1.46732 1.02 0.83
    endloop
  endfacet
  facet normal 0 -1 0
    outer loop
      vertex 1.53268 1.02 0.83
      vertex 1.93 1.02 0.83
      vertex 1.93 1.02 0.839999
    endloop
  endfacet
  facet normal 0 -1 0
    outer loop
      vertex 1.53268 1.02 0.78
      vertex 1.93 1.02 0.83
      vertex 1.53268 1.02 0.83
    endloop
  endfacet
  facet normal 0 -1 0
    outer loop
      vertex 1.96732 1.02 0.78
      vertex 1.93 1.02 0.83
      vertex 1.53268 1.02 0.78
    endloop
  endfacet
  facet normal 0 -1 0
    outer loop
      vertex 1.93 1.02 0.83
      vertex 1.96732 1.02 0.78
      vertex 1.96732 1.02 0.83
    endloop
  endfacet
  facet normal 0 -1 0
    outer loop
      vertex -1.96732 1.02 0.78
      vertex -1.93 1.02 0.83
      vertex -1.96732 1.02 0.83
    endloop
  endfacet
  facet normal 0 -1 0
    outer loop
      vertex -1.53268 1.02 0.78
      vertex -1.93 1.02 0.83
      vertex -1.96732 1.02 0.78
    endloop
  endfacet
  facet normal 0 -1 0
    outer loop
      vertex -1.93 1.02 0.83
      vertex -1.53268 1.02 0.78
      vertex -1.53268 1.02 0.83
    endloop
  endfacet
  facet normal -1 0 0
    outer loop
      vertex -2.05 1.05846 0.929999
      vertex -2.05 1.06721 0.966246
      vertex -2.05 1.09763 0.929999
    endloop
  endfacet
  facet normal -1 0 0
    outer loop
      vertex -2.05 1.06721 0.966246
      vertex -2.05 1.05846 0.929999
      vertex -2.05 1.04423 0.946962
    endloop
  endfacet
  facet normal -1 0 0
    outer loop
      vertex -2.05 1.12 0.856664
      vertex -2.05 1.19577 0.813037
      vertex -2.05 1.17279 0.793754
    endloop
  endfacet
  facet normal -1 0 0
    outer loop
      vertex -2.05 1.19577 0.813037
      vertex -2.05 1.12 0.856664
      vertex -2.05 1.12 0.903335
    endloop
  endfacet
  facet normal 0 -0.642817 0.76602
    outer loop
      vertex -2.05 1.06721 0.966246
      vertex 2.05 1.04423 0.946962
      vertex 2.05 1.06721 0.966246
    endloop
  endfacet
  facet normal 0 -0.642817 0.76602
    outer loop
      vertex 2.05 1.04423 0.946962
      vertex -2.05 1.06721 0.966246
      vertex -2.05 1.04423 0.946962
    endloop
  endfacet
  facet normal 0 0.642797 -0.766036
    outer loop
      vertex -2.05 1.17279 0.793754
      vertex 2.05 1.19577 0.813037
      vertex 2.05 1.17279 0.793754
    endloop
  endfacet
  facet normal 0 0.642797 -0.766036
    outer loop
      vertex 2.05 1.19577 0.813037
      vertex -2.05 1.17279 0.793754
      vertex -2.05 1.19577 0.813037
    endloop
  endfacet
  facet normal 0 -0.766031 -0.642804
    outer loop
      vertex -2.05 1.17279 0.793754
      vertex -1.93 1.12 0.856664
      vertex -2.05 1.12 0.856664
    endloop
  endfacet
  facet normal 0 -0.766031 -0.642804
    outer loop
      vertex -1.93 1.12 0.856664
      vertex -2.05 1.17279 0.793754
      vertex 1.93 1.12 0.856664
    endloop
  endfacet
  facet normal -0 -0.766031 -0.642804
    outer loop
      vertex 2.05 1.17279 0.793754
      vertex 1.93 1.12 0.856664
      vertex -2.05 1.17279 0.793754
    endloop
  endfacet
  facet normal 0 -0.766031 -0.642804
    outer loop
      vertex 1.93 1.12 0.856664
      vertex 2.05 1.17279 0.793754
      vertex 2.05 1.12 0.856664
    endloop
  endfacet
  facet normal 0 -0.766021 -0.642816
    outer loop
      vertex -1.93 1.12 0.856664
      vertex 1.93 1.05846 0.929999
      vertex -1.93 1.05846 0.929999
    endloop
  endfacet
  facet normal 0 -0.766021 -0.642816
    outer loop
      vertex 1.93 1.05846 0.929999
      vertex -1.93 1.12 0.856664
      vertex 1.93 1.12 0.856664
    endloop
  endfacet
  facet normal -0 -0.766126 -0.642691
    outer loop
      vertex -1.93 1.05846 0.929999
      vertex -2.05 1.04423 0.946962
      vertex -2.05 1.05846 0.929999
    endloop
  endfacet
  facet normal 0 -0.766126 -0.642691
    outer loop
      vertex -2.05 1.04423 0.946962
      vertex -1.93 1.05846 0.929999
      vertex 2.05 1.04423 0.946962
    endloop
  endfacet
  facet normal -0 -0.766126 -0.642691
    outer loop
      vertex 1.93 1.05846 0.929999
      vertex 2.05 1.04423 0.946962
      vertex -1.93 1.05846 0.929999
    endloop
  endfacet
  facet normal 0 -0.766126 -0.642691
    outer loop
      vertex 2.05 1.04423 0.946962
      vertex 1.93 1.05846 0.929999
      vertex 2.05 1.05846 0.929999
    endloop
  endfacet
  facet normal 0 0.76604 0.642792
    outer loop
      vertex 2.05 1.19577 0.813037
      vertex 1.93 1.12 0.903335
      vertex 2.05 1.12 0.903335
    endloop
  endfacet
  facet normal 0 0.76604 0.642792
    outer loop
      vertex 1.93 1.12 0.903335
      vertex 2.05 1.19577 0.813037
      vertex -1.93 1.12 0.903335
    endloop
  endfacet
  facet normal -0 0.76604 0.642792
    outer loop
      vertex -2.05 1.19577 0.813037
      vertex -1.93 1.12 0.903335
      vertex 2.05 1.19577 0.813037
    endloop
  endfacet
  facet normal 0 0.76604 0.642792
    outer loop
      vertex -1.93 1.12 0.903335
      vertex -2.05 1.19577 0.813037
      vertex -2.05 1.12 0.903335
    endloop
  endfacet
  facet normal 0 0.766098 0.642724
    outer loop
      vertex 1.93 1.12 0.903335
      vertex -1.93 1.09763 0.929999
      vertex 1.93 1.09763 0.929999
    endloop
  endfacet
  facet normal 0 0.766098 0.642724
    outer loop
      vertex -1.93 1.09763 0.929999
      vertex 1.93 1.12 0.903335
      vertex -1.93 1.12 0.903335
    endloop
  endfacet
  facet normal -0 0.765991 0.642852
    outer loop
      vertex 1.93 1.09763 0.929999
      vertex 2.05 1.06721 0.966246
      vertex 2.05 1.09763 0.929999
    endloop
  endfacet
  facet normal 0 0.765991 0.642852
    outer loop
      vertex 2.05 1.06721 0.966246
      vertex 1.93 1.09763 0.929999
      vertex -2.05 1.06721 0.966246
    endloop
  endfacet
  facet normal -0 0.765991 0.642852
    outer loop
      vertex -1.93 1.09763 0.929999
      vertex -2.05 1.06721 0.966246
      vertex 1.93 1.09763 0.929999
    endloop
  endfacet
  facet normal 0 0.765991 0.642852
    outer loop
      vertex -2.05 1.06721 0.966246
      vertex -1.93 1.09763 0.929999
      vertex -2.05 1.09763 0.929999
    endloop
  endfacet
  facet normal 1 0 0
    outer loop
      vertex 2.05 1.06721 0.966246
      vertex 2.05 1.05846 0.929999
      vertex 2.05 1.09763 0.929999
    endloop
  endfacet
  facet normal 1 0 -0
    outer loop
      vertex 2.05 1.05846 0.929999
      vertex 2.05 1.06721 0.966246
      vertex 2.05 1.04423 0.946962
    endloop
  endfacet
  facet normal 1 -0 0
    outer loop
      vertex 2.05 1.12 0.856664
      vertex 2.05 1.19577 0.813037
      vertex 2.05 1.12 0.903335
    endloop
  endfacet
  facet normal 1 0 0
    outer loop
      vertex 2.05 1.19577 0.813037
      vertex 2.05 1.12 0.856664
      vertex 2.05 1.17279 0.793754
    endloop
  endfacet
  facet normal 1 0 0
    outer loop
      vertex -1.93 1.12 0.929999
      vertex -1.93 1.09763 0.929999
      vertex -1.93 1.12 0.903335
    endloop
  endfacet
  facet normal 1 0 0
    outer loop
      vertex -1.93 1.12 0.856664
      vertex -1.93 1.08 0.839999
      vertex -1.93 1.12 0.83
    endloop
  endfacet
  facet normal 1 0 0
    outer loop
      vertex -1.93 1.05846 0.929999
      vertex -1.93 1.08 0.839999
      vertex -1.93 1.12 0.856664
    endloop
  endfacet
  facet normal 1 0 0
    outer loop
      vertex -1.93 1.05846 0.929999
      vertex -1.93 1.02 0.839999
      vertex -1.93 1.08 0.839999
    endloop
  endfacet
  facet normal 1 -0 0
    outer loop
      vertex -1.93 0.98 0.929999
      vertex -1.93 1.02 0.839999
      vertex -1.93 1.05846 0.929999
    endloop
  endfacet
  facet normal 1 0 0
    outer loop
      vertex -1.93 0.98 0.83
      vertex -1.93 1.02 0.839999
      vertex -1.93 0.98 0.929999
    endloop
  endfacet
  facet normal 1 0 0
    outer loop
      vertex -1.93 1.02 0.839999
      vertex -1.93 0.98 0.83
      vertex -1.93 1.02 0.83
    endloop
  endfacet
  facet normal 1 0 0
    outer loop
      vertex -1.93 1.12 0.83
      vertex -1.93 1.08 0.839999
      vertex -1.93 1.08 0.83
    endloop
  endfacet
  facet normal 0 0 1
    outer loop
      vertex -1.93 1.12 0.929999
      vertex -2.05 1.09763 0.929999
      vertex -1.93 1.09763 0.929999
    endloop
  endfacet
  facet normal 0 0 1
    outer loop
      vertex -2.05 1.09763 0.929999
      vertex -2.07 1.12 0.929999
      vertex -2.05 1.05846 0.929999
    endloop
  endfacet
  facet normal -0 0 1
    outer loop
      vertex -2.07 1.12 0.929999
      vertex -2.05 1.09763 0.929999
      vertex -1.93 1.12 0.929999
    endloop
  endfacet
  facet normal -0 0 1
    outer loop
      vertex -2.05 1.05846 0.929999
      vertex -1.93 0.98 0.929999
      vertex -1.93 1.05846 0.929999
    endloop
  endfacet
  facet normal 0 0 1
    outer loop
      vertex -2.05 1.05846 0.929999
      vertex -2.07 0.98 0.929999
      vertex -1.93 0.98 0.929999
    endloop
  endfacet
  facet normal 0 0 1
    outer loop
      vertex -2.07 0.98 0.929999
      vertex -2.05 1.05846 0.929999
      vertex -2.07 1.12 0.929999
    endloop
  endfacet
  facet normal -1 0 0
    outer loop
      vertex -2.07 0.98 0.83
      vertex -2.07 1.12 0.929999
      vertex -2.07 1.12 0.83
    endloop
  endfacet
  facet normal -1 -0 0
    outer loop
      vertex -2.07 1.12 0.929999
      vertex -2.07 0.98 0.83
      vertex -2.07 0.98 0.929999
    endloop
  endfacet
  facet normal 0 1 0
    outer loop
      vertex -1.93 1.12 0.856664
      vertex -1.93 1.12 0.83
      vertex -2.05 1.12 0.856664
    endloop
  endfacet
  facet normal 0 1 0
    outer loop
      vertex -2.05 1.12 0.903335
      vertex -1.93 1.12 0.929999
      vertex -1.93 1.12 0.903335
    endloop
  endfacet
  facet normal 0 1 0
    outer loop
      vertex -1.93 1.12 0.929999
      vertex -2.05 1.12 0.903335
      vertex -2.07 1.12 0.929999
    endloop
  endfacet
  facet normal 0 1 -0
    outer loop
      vertex -2.05 1.12 0.856664
      vertex -2.07 1.12 0.929999
      vertex -2.05 1.12 0.903335
    endloop
  endfacet
  facet normal 0 1 0
    outer loop
      vertex -2.05 1.12 0.856664
      vertex -2.07 1.12 0.83
      vertex -2.07 1.12 0.929999
    endloop
  endfacet
  facet normal 0 1 0
    outer loop
      vertex -2.07 1.12 0.83
      vertex -2.05 1.12 0.856664
      vertex -1.93 1.12 0.83
    endloop
  endfacet
  facet normal 0 -1 0
    outer loop
      vertex -2.07 0.98 0.83
      vertex -1.93 0.98 0.929999
      vertex -2.07 0.98 0.929999
    endloop
  endfacet
  facet normal 0 -1 -0
    outer loop
      vertex -1.93 0.98 0.929999
      vertex -2.07 0.98 0.83
      vertex -1.93 0.98 0.83
    endloop
  endfacet
  facet normal 1 -0 0
    outer loop
      vertex 2.07 0.98 0.929999
      vertex 2.07 1.12 0.83
      vertex 2.07 1.12 0.929999
    endloop
  endfacet
  facet normal 1 0 0
    outer loop
      vertex 2.07 1.12 0.83
      vertex 2.07 0.98 0.929999
      vertex 2.07 0.98 0.83
    endloop
  endfacet
  facet normal 0 0 1
    outer loop
      vertex 2.05 1.05846 0.929999
      vertex 2.07 1.12 0.929999
      vertex 2.05 1.09763 0.929999
    endloop
  endfacet
  facet normal -0 0 1
    outer loop
      vertex 1.93 1.12 0.929999
      vertex 2.05 1.09763 0.929999
      vertex 2.07 1.12 0.929999
    endloop
  endfacet
  facet normal 0 0 1
    outer loop
      vertex 2.05 1.09763 0.929999
      vertex 1.93 1.12 0.929999
      vertex 1.93 1.09763 0.929999
    endloop
  endfacet
  facet normal 0 0 1
    outer loop
      vertex 2.07 1.12 0.929999
      vertex 2.05 1.05846 0.929999
      vertex 2.07 0.98 0.929999
    endloop
  endfacet
  facet normal 0 0 1
    outer loop
      vertex 1.93 0.98 0.929999
      vertex 2.05 1.05846 0.929999
      vertex 1.93 1.05846 0.929999
    endloop
  endfacet
  facet normal 0 0 1
    outer loop
      vertex 2.05 1.05846 0.929999
      vertex 1.93 0.98 0.929999
      vertex 2.07 0.98 0.929999
    endloop
  endfacet
  facet normal -1 0 0
    outer loop
      vertex 1.93 1.12 0.903335
      vertex 1.93 1.09763 0.929999
      vertex 1.93 1.12 0.929999
    endloop
  endfacet
  facet normal -1 0 0
    outer loop
      vertex 1.93 1.02 0.83
      vertex 1.93 0.98 0.83
      vertex 1.93 1.02 0.839999
    endloop
  endfacet
  facet normal -1 0 0
    outer loop
      vertex 1.93 1.08 0.839999
      vertex 1.93 1.12 0.83
      vertex 1.93 1.08 0.83
    endloop
  endfacet
  facet normal -1 0 0
    outer loop
      vertex 1.93 1.12 0.83
      vertex 1.93 1.08 0.839999
      vertex 1.93 1.12 0.856664
    endloop
  endfacet
  facet normal -1 0 0
    outer loop
      vertex 1.93 1.08 0.839999
      vertex 1.93 1.05846 0.929999
      vertex 1.93 1.12 0.856664
    endloop
  endfacet
  facet normal -1 0 0
    outer loop
      vertex 1.93 1.02 0.839999
      vertex 1.93 1.05846 0.929999
      vertex 1.93 1.08 0.839999
    endloop
  endfacet
  facet normal -1 0 0
    outer loop
      vertex 1.93 0.98 0.929999
      vertex 1.93 1.02 0.839999
      vertex 1.93 0.98 0.83
    endloop
  endfacet
  facet normal -1 0 0
    outer loop
      vertex 1.93 1.02 0.839999
      vertex 1.93 0.98 0.929999
      vertex 1.93 1.05846 0.929999
    endloop
  endfacet
  facet normal 0 1 0
    outer loop
      vertex 2.07 1.12 0.929999
      vertex 2.05 1.12 0.903335
      vertex 1.93 1.12 0.929999
    endloop
  endfacet
  facet normal 0 1 0
    outer loop
      vertex 2.07 1.12 0.929999
      vertex 2.05 1.12 0.856664
      vertex 2.05 1.12 0.903335
    endloop
  endfacet
  facet normal 0 1 -0
    outer loop
      vertex 2.07 1.12 0.83
      vertex 2.05 1.12 0.856664
      vertex 2.07 1.12 0.929999
    endloop
  endfacet
  facet normal 0 1 0
    outer loop
      vertex 1.93 1.12 0.83
      vertex 2.05 1.12 0.856664
      vertex 2.07 1.12 0.83
    endloop
  endfacet
  facet normal 0 1 0
    outer loop
      vertex 2.05 1.12 0.856664
      vertex 1.93 1.12 0.83
      vertex 1.93 1.12 0.856664
    endloop
  endfacet
  facet normal 0 1 0
    outer loop
      vertex 1.93 1.12 0.929999
      vertex 2.05 1.12 0.903335
      vertex 1.93 1.12 0.903335
    endloop
  endfacet
  facet normal 0 -1 0
    outer loop
      vertex 1.93 0.98 0.83
      vertex 2.07 0.98 0.929999
      vertex 1.93 0.98 0.929999
    endloop
  endfacet
  facet normal 0 -1 -0
    outer loop
      vertex 2.07 0.98 0.929999
      vertex 1.93 0.98 0.83
      vertex 2.07 0.98 0.83
    endloop
  endfacet
endsolid OpenSCAD_Model
